word1,word2,jaccard_coef
学生,復習,0.037037037037037035
研修,社員,0.02857142857142857
研修,転職,0.023809523809523808
研修,職,0.022222222222222223
クラスタリング,人手,0.014084507042253521
クラスタリング,セントロイド,0.014084507042253521
ssd,検知,0.01166407465007776
ssd,コピペ,0.01140142517814727
初心者,教材,0.01098901098901099
初心者,支援,0.01098901098901099
初心者,奮闘,0.010869565217391304
初心者,最低限,0.010869565217391304
プログラミング,無知,0.010869565217391304
初心者,労力,0.010526315789473684
プログラミング,言語,0.010238907849829351
プログラミング,集大成,0.009708737864077669
初心者,本題,0.009615384615384616
クラスタリング,基準,0.009009009009009009
プログラミング,転職,0.008928571428571428
プログラミング,回路,0.008849557522123894
プログラミング,日々,0.00847457627118644
ssd,笑,0.00831792975970425
初心者,思い付き,0.008264462809917356
プログラミング,思い付き,0.007874015748031496
プログラミング,一環,0.007874015748031496
プログラミング,実感,0.0078125
資格,身,0.006993006993006993
ssd,雰囲気,0.006837606837606838
ssd,tensorflowv,0.006837606837606838
ssd,マスク,0.006659267480577136
プログラミング,初心者,0.005917159763313609
ssd,ssd,0.005718370264474625
備忘録,資格,0.005025125628140704
備忘録,対策,0.00487012987012987
備忘録,幸い,0.004807692307692308
テスト,バス,0.004786450662739323
分析,電力,0.004522755111655517
分析,消費,0.004489337822671156
テスト,子供,0.004456633527596846
初心者,反省,0.0044444444444444444
備忘録,書籍,0.004431314623338257
引数,正規,0.004330566582461205
プログラミング,反省,0.004329004329004329
分析,表示,0.004143237644273453
初心者,成果,0.004081632653061225
初心者,講座,0.004032258064516129
プログラミング,成果,0.00398406374501992
分析,問題,0.0039376198124449514
プログラミング,講座,0.003937007874015748
コンパイル,プロット,0.00390625
ssd,クロ,0.003795066413662239
ssd,ブラ,0.003795066413662239
ssd,発覚,0.003795066413662239
ssd,悩み,0.003795066413662239
ssd,合併,0.003795066413662239
ssd,真似,0.003795066413662239
ssd,修理,0.003795066413662239
ssd,ミ,0.003795066413662239
ssd,格闘,0.003795066413662239
ssd,オライ,0.003795066413662239
ssd,沼,0.003795066413662239
ssd,こいつ,0.003795066413662239
ssd,カップル,0.003795066413662239
ssd,半減,0.003795066413662239
ssd,丁寧,0.003787878787878788
ssd,後々,0.003780718336483932
ssd,長方形,0.003778337531486146
ssd,ググ,0.003775959723096287
ssd,予定,0.003766478342749529
気象庁,電力,0.003743565746373421
ssd,僕,0.003740648379052369
ssd,やり方,0.0037290242386575512
ssd,全身,0.0037243947858473
ssd,けんご,0.0037174721189591076
ssd,屋敷,0.0037174721189591076
分析,量,0.003716930252897019
ssd,相手,0.0037105751391465678
ssd,アンケト,0.003703703703703704
ssd,tensorflow,0.0036991368680641184
ssd,ダメ,0.0036991368680641184
初心者,受講,0.003676470588235294
コンパイル,連結,0.003676470588235294
気象庁,消費,0.003675626005053986
ssd,ライン,0.003601440576230492
プログラミング,受講,0.0035971223021582736
ssd,コディング,0.0035885167464114833
ssd,タイプ,0.003582089552238806
テスト,車内,0.0035225048923679062
気象庁,湿度,0.003341129301703976
分析,湿度,0.003210616438356164
備忘録,記述,0.003125
気象庁,起点,0.003117692907248636
ssd,今後,0.0031088082901554403
コンパイル,ラベル付け,0.0030959752321981426
ssd,知識,0.0030120481927710845
コンパイル,実務,0.003003003003003003
分析,解答,0.0029498525073746312
ssd,応用,0.002812374447569305
分析,認識,0.0027888168444537404
引数,配列,0.0027147087857847976
model,追加,0.002690675773569285
分析,起点,0.0026902813585920862
ライブラリ,乱数,0.0026695141484249867
ssd,背景,0.00264783759929391
model,メソッド,0.00264331736329093
ssd,エラ,0.0026235242675994755
ssd,閾値,0.0026223776223776225
気象庁,解答,0.002618486514794449
ライブラリ,可視,0.002613809627532128
テスト,正解,0.002598870056497175
テスト,テスト,0.0025647003963627886
ライブラリ,設計,0.0025329280648429585
model,px,0.002513089005235602
気象庁,表示,0.002505916747876932
ライブラリ,固定,0.0024044883783061713
pandas,原理,0.002380952380952381
ssd,サイト,0.0023464998044583495
model,プリング,0.0023405500292568754
気象庁,降水,0.002336448598130841
気象庁,温,0.002336448598130841
model,インスタンス,0.0023354254853306085
コンパイル,開始,0.0023148148148148147
気象庁,経過,0.0022688598979013048
ssd,機,0.002260738507912585
テスト,ラベル,0.002254098360655738
ssd,原因,0.0022205773501110288
segmentation,xtrain,0.002190580503833516
model,図,0.0021839359378791555
備忘録,文献,0.002172024326672459
model,オブジェクト,0.0021511985248924403
ssd,環境,0.0021386562110140795
テスト,マルチ,0.00211954217888936
ssd,公式,0.0020927799093128706
分析,分類,0.0020917767028369723
ssd,分け,0.002088409328228333
分析,気温,0.002078521939953811
コンパイル,完了,0.002074688796680498
model,縦,0.002072180970471421
model,横,0.002068252326783868
ライブラリ,根拠,0.0020659449632261795
ライブラリ,推論,0.0020522574832315546
分析,型,0.002050080538878313
ハンズオン,細胞,0.0020304568527918783
ライブラリ,判断,0.002029220779220779
引数,指定,0.002019910546818641
分析,各層,0.0020044543429844097
ssd,最初,0.002001668056713928
ライブラリ,実行,0.0019782749442486154
備忘録,役,0.001976284584980237
テスト,収集,0.001967051880993361
分析,向上,0.0019187719859290054
model,model,0.0019172211570993572
ssd,アスペクト,0.0019169329073482429
ssd,参加,0.001911436763300414
ライブラリ,評価,0.0018950269897783393
ssd,書籍,0.001893939393939394
model,実装,0.0018845207559022143
初心者,物,0.0018832391713747645
ライブラリ,指定,0.0018811994071371565
ssd,人物,0.0018744142455482662
プログラミング,物,0.00186219739292365
テスト,平均,0.0018564356435643563
大学生,志望,0.0018552875695732839
大学生,理系,0.0018552875695732839
ssd,コンペ,0.0018512804689910522
ssd,高速,0.0018359853121175031
segmentation,timm,0.0018248175182481751
segmentation,文法,0.0018248175182481751
ライブラリ,使用,0.0018234979721444965
ssd,文献,0.0018145527127563057
ライブラリ,半分,0.0018101185627658611
ライブラリ,定義,0.00180659235777346
分析,局所,0.0018044619422572178
ライブラリ,数字,0.0017967984318850048
ハンズオン,考案,0.0017873100983020554
分析,訓練,0.0017808558001484046
ライブラリ,保存,0.001770981815040387
引数,方向,0.001745962461807071
model,コンパイル,0.0017379969585053225
分析,顔,0.0017376681614349775
分析,分析,0.001732141619898843
ライブラリ,学習,0.0017236740322200922
ssd,挑戦,0.0017211703958691911
分析,推定,0.001701484072218546
ハンズオン,ルル,0.001692047377326565
ssd,システム,0.0016703786191536749
ライブラリ,最適,0.0016324480442016702
ライブラリ,済み,0.0016288767266093302
備忘録,文法,0.0016260162601626016
ssd,推薦,0.0016211834639286678
ライブラリ,関数,0.001617742220130596
分析,追加,0.0016056518946692357
model,デタセット,0.001558846453624318
気象庁,温度,0.0015564202334630351
気象庁,除算,0.0015564202334630351
プログラム,ロド,0.0015519917227108122
プログラム,信頼,0.0015503875968992248
ライブラリ,生成,0.0015479876160990713
分析,精度,0.0015472799521749833
segmentation,train,0.0015432098765432098
model,クラス,0.0015382924953301835
分析,計算,0.0015324104816876948
ライブラリ,損失,0.001530170979974719
分析,娘,0.0015292712066905616
分析,軸,0.0015278838808250573
テスト,検証,0.0015220700152207
ライブラリ,作成,0.001514100056778752
分析,解決,0.001511144692104269
ライブラリ,手書き,0.0015105740181268882
model,バッチ,0.0015050907481186366
テスト,改善,0.0015020653398422831
分析,猫,0.0014907295257616695
分析,気象庁,0.0014860681114551083
分析,降水,0.0014860681114551083
分析,温,0.0014860681114551083
分析,時刻,0.0014847809948032665
気象庁,英語,0.001483679525222552
分析,経過,0.0014767413241447206
model,手書き,0.0014732965009208103
気象庁,自由,0.001463057790782736
分析,差分,0.0014610982588579083
初心者,状態,0.001455604075691412
分析,導入,0.0014417531718569781
ライブラリ,実装,0.001437914560044529
分析,構造,0.0014353259034110097
model,管理,0.0014298480786416443
model,数字,0.0014284256708499133
ssd,切り抜き,0.0014255167498218105
気象庁,統計,0.0014214641080312722
ライブラリ,全,0.0014198782961460446
model,ライブラリ,0.0014135524339605973
ライブラリ,結合,0.001400373432915444
コンパイル,モノクロ,0.001392757660167131
model,tensorflow,0.00139099645928174
ssd,最近,0.001379310344827586
気象庁,移転,0.0013764624913971094
テスト,ビュ,0.001374885426214482
ssd,比,0.0013717421124828531
ハンズオン,応用,0.0013708019191226869
テスト,凡例,0.0013704888076747374
テスト,観察,0.0013704888076747374
ssd,変更,0.0013689253935660506
segmentation,ガクッ,0.0013679890560875513
segmentation,めちゃくちゃ,0.0013679890560875513
segmentation,voting,0.0013679890560875513
segmentation,暇,0.0013679890560875513
segmentation,空隙,0.0013679890560875513
segmentation,透水,0.0013679890560875513
segmentation,架空,0.0013679890560875513
segmentation,volume,0.0013679890560875513
segmentation,紆余曲折,0.0013679890560875513
segmentation,不足,0.0013679890560875513
segmentation,ツケ,0.0013679890560875513
テスト,年間,0.0013623978201634877
segmentation,さい,0.001358695652173913
segmentation,相談,0.0013568521031207597
プログラム,公開,0.0013531799729364006
テスト,最終,0.0013507429085997298
プログラム,完了,0.0013468013468013469
model,torch,0.0013463480309660047
ハンズオン,福島,0.0013458950201884253
ハンズオン,邦彦,0.0013458950201884253
ハンズオン,フラット,0.0013458950201884253
ハンズオン,圧勝,0.0013458950201884253
ハンズオン,脚光,0.0013458950201884253
ハンズオン,塊,0.0013458950201884253
ハンズオン,積層,0.0013458950201884253
ハンズオン,ライブラリインポト,0.0013386880856760374
ライブラリ,結果,0.0013330753187555096
segmentation,当たり前,0.0013315579227696406
ハンズオン,苦労,0.0013297872340425532
segmentation,traintestsplit,0.001326259946949602
ssd,単純,0.0013256738842244808
segmentation,混同,0.0013227513227513227
引数,設計,0.001318934960019784
テスト,済み,0.0013187641296156744
segmentation,波,0.0013157894736842105
ハンズオン,ヤンルカン,0.001314060446780552
model,modelsequentialadd,0.0013137727173199037
model,summarycnn,0.0013137727173199037
コンパイル,縦,0.0013089005235602095
model,ラベル付け,0.001306904813766064
分析,特性,0.001306091986192742
model,実務,0.0013040643338404696
テスト,考察,0.0012998266897746968
コンパイル,横,0.001299545159194282
テスト,前後,0.0012975778546712802
ssd,勉強,0.0012967365463583316
ssd,解像度,0.0012911555842479018
分析,象,0.0012908777969018934
分析,周波,0.0012908777969018934
分析,大局,0.0012894906511927789
分析,高周波,0.0012872774082814847
気象庁,統合,0.001277139208173691
model,乱数,0.0012741896949908418
分析,図,0.0012689205111936917
ssd,全体,0.0012660898923823592
分析,範囲,0.0012658227848101266
分析,頑健,0.0012658227848101266
segmentation,要求,0.0012594458438287153
ssd,物体,0.0012566322256352975
分析,変数,0.0012556318782775684
ライブラリ,リスト,0.0012542209358417753
プログラミング,感想,0.0012515644555694619
引数,引数,0.0012484394506866417
ハンズオン,同一,0.0012468827930174563
分析,非,0.001246623727404945
ハンズオン,働き,0.0012453300124533001
ハンズオン,優勝,0.0012406947890818859
引数,結合,0.0012369676621311187
分析,有効,0.001236603462489695
分析,指定,0.0012298060260495277
ライブラリ,専用,0.0012297372833985467
ライブラリ,変化,0.001222792858889704
プログラム,一部,0.0012219959266802445
テスト,完了,0.001219016659894352
ssd,点線,0.001218769043266301
segmentation,強度,0.001218026796589525
ssd,yolo,0.0012077294685990338
model,モノクロ,0.0012033694344163659
segmentation,validation,0.0012033694344163659
ライブラリ,流れ,0.0011983876239241747
model,設計,0.0011971567527123083
ハンズオン,視覚,0.0011961722488038277
ライブラリ,処理,0.0011929219961561402
引数,根拠,0.0011860989206499823
引数,生成,0.001183431952662722
segmentation,メイン,0.001183431952662722
model,ニュラルネットワク,0.0011823825007389892
model,シド,0.001177856301531213
分析,変更,0.0011765859397980193
ライブラリ,正解,0.001176470588235294
ライブラリ,可能,0.0011735048678720445
ハンズオン,モジュル,0.0011574074074074073
テスト,料理,0.0011570726063060456
segmentation,備忘録,0.0011560693641618498
備忘録,暇,0.0011560693641618498
備忘録,空隙,0.0011560693641618498
備忘録,透水,0.0011560693641618498
備忘録,架空,0.0011560693641618498
備忘録,紆余曲折,0.0011560693641618498
ハンズオン,上下,0.0011560693641618498
分析,行列,0.0011529592621060721
引数,行い,0.0011498028909329829
分析,変形,0.0011496895838123706
引数,戻り,0.0011486331265793705
備忘録,相談,0.001148105625717566
ライブラリ,層,0.0011475653451777487
ハンズオン,小,0.001141552511415525
備忘録,基礎,0.0011376564277588168
引数,直接,0.0011361054305839581
model,平滑,0.001135933358576297
model,rgb,0.0011352885525070956
segmentation,事前,0.0011350737797956867
ライブラリ,確認,0.0011341202167429747
ssd,カテゴリ,0.0011325028312570782
テスト,小,0.0011312217194570137
備忘録,当たり前,0.0011299435028248588
備忘録,混同,0.0011235955056179776
ライブラリ,返却,0.0011224604332697272
ライブラリ,転送,0.0011224604332697272
ssd,調整,0.001122334455667789
ssd,写真,0.001119194180190263
備忘録,波,0.0011185682326621924
model,固定,0.0011161604081958065
model,ラベル,0.0011149825783972125
引数,白色,0.0011148272017837235
コンパイル,メソッド,0.0011148272017837235
model,可視,0.0011138072317912408
引数,済み,0.0011134903640256958
ライブラリ,記録,0.0011116051578479323
segmentation,係数,0.0011111111111111111
ハンズオン,和,0.0011111111111111111
分析,変化,0.0011107584893684545
ライブラリ,仕組み,0.0011090163025396474
ライブラリ,算出,0.0011022927689594356
segmentation,カラ,0.001098901098901099
model,表,0.0010940919037199124
segmentation,モノクロ,0.001092896174863388
引数,評価,0.0010911471593802284
ライブラリ,必要,0.0010897532919630696
ssd,検出,0.0010895471569628873
初心者,向け,0.0010893246187363835
ライブラリ,環境,0.0010813733441470668
ライブラリ,丼,0.001079796998164345
model,アルゴリズム,0.0010795956423594072
ライブラリ,値,0.001079146905972226
分析,条件,0.0010786516853932583
備忘録,要求,0.0010775862068965517
ssd,機能,0.0010762331838565023
プログラム,娘,0.0010749076251259657
ハンズオン,ユニット,0.0010741138560687433
ライブラリ,推移,0.001073998496402105
分析,対象,0.0010710460549803642
テスト,動作,0.0010698047606311847
segmentation,追記,0.0010672358591248667
分析,重み,0.0010601241859760715
分析,変換,0.0010550113036925397
引数,有効,0.001054666901037089
segmentation,期待,0.0010526315789473684
プログラミング,背景,0.0010504201680672268
model,ネットワクモデル,0.0010482180293501049
備忘録,強度,0.0010471204188481676
プログラム,顔,0.001045354914854156
ハンズオン,途中,0.0010449320794148381
model,根拠,0.0010346611484738748
ライブラリ,読み込み,0.0010330578512396695
テスト,ロド,0.0010309278350515464
分析,形状,0.0010304851867754402
ssd,適応,0.0010298661174047373
分析,統計,0.001029336078229542
model,ssd,0.0010268697586856067
ライブラリ,行い,0.0010235414534288639
ssd,枠,0.0010214504596527069
ハンズオン,演算,0.0010141987829614604
model,判断,0.0010117361392148927
引数,正解,0.0010079629069650238
ライブラリ,概要,0.001007658202337767
ハンズオン,パディング,0.0010050251256281408
備忘録,備忘録,0.001001001001001001
分析,設定,0.001
ハンズオン,一定,0.001
ハンズオン,左右,0.000998003992015968
ライブラリ,一般,0.0009965573473455335
分析,画像,0.0009942848828279726
ライブラリ,引数,0.0009909820632246556
ライブラリ,分類,0.0009902951079421667
segmentation,ご,0.0009871668311944718
コンパイル,平滑,0.0009861932938856016
引数,最適,0.0009791122715404699
テスト,率,0.0009737922858715441
テスト,期間,0.0009640102827763496
プログラム,変更,0.000963623223319682
テスト,識別,0.0009615384615384616
ライブラリ,率,0.0009521122787220538
テスト,損失,0.000947081804190837
気象庁,量,0.0009454923651491514
ライブラリ,動作,0.0009436187780136825
ssd,階層,0.0009407337723424271
分析,制限,0.0009406705637304307
分析,結果,0.0009389070268655443
segmentation,回帰,0.0009345794392523365
備忘録,追記,0.0009337068160597573
引数,数字,0.0009331622535868425
model,半分,0.0009291521486643438
model,インポト,0.0009288285150354116
分析,苦手,0.0009286128845037725
分析,重視,0.0009275362318840579
引数,算出,0.000927299703264095
ssd,お,0.0009252120277563608
テスト,回分,0.0009242144177449168
ハンズオン,感想,0.0009233610341643582
備忘録,期待,0.0009225092250922509
引数,推論,0.0009191739689931981
テスト,学習,0.0009187235866968825
テスト,推論,0.0009173109684182938
プログラム,既存,0.0009161704076958314
テスト,注文,0.0009149130832570906
クラスタリング,現在,0.0009140767824497258
テスト,指値,0.0009103322712790169
分析,取得,0.0009080295758204696
ライブラリ,顔,0.0009046192118505117
テスト,挙動,0.0009041591320072332
テスト,割愛,0.0009041591320072332
備忘録,拡張,0.0009017132551848512
分析,深層,0.0009006980409817609
プログラム,枚数,0.0008997660608241857
クラスタリング,伝播,0.000898069151324652
引数,決まり,0.0008976660682226212
テスト,実施,0.0008974646623289208
備忘録,解説,0.0008965393580778196
分析,削除,0.0008947545017335869
引数,格段,0.0008928571428571428
model,定義,0.0008916960802526472
分析,階層,0.0008882966910948257
model,検知,0.0008877840909090909
分析,調査,0.0008867213478164486
model,正規,0.0008831321754489255
引数,整数,0.0008831321754489255
引数,水平,0.0008828722778104767
ライブラリ,初め,0.0008795074758135445
引数,文章,0.0008777062609713282
ssd,存在,0.0008759124087591241
ハンズオン,複雑,0.0008756567425569177
テスト,再現,0.0008715862870424172
分析,確認,0.0008696012257236324
引数,手書き,0.0008674280757553853
プログラム,最終,0.0008650519031141869
引数,無し,0.0008615738081562321
分析,枚数,0.0008614748449345279
model,ミニ,0.0008600301010535369
テスト,運用,0.0008594757198109154
ssd,設定,0.000855222968845449
model,作成,0.0008540001366400218
model,対応,0.0008534850640113798
テスト,未知,0.0008532423208191126
テスト,デタセット,0.000853161437103043
ssd,レイヤ,0.0008519096975720574
プログラム,提示,0.0008517887563884157
model,nbsp,0.0008498854972448257
プログラム,プロトコル,0.0008481764206955047
プログラム,通信,0.0008481764206955047
プログラム,プログラムプログラムソス,0.000847457627118644
プログラム,折りたたみ,0.000847457627118644
プログラム,莫大,0.000847457627118644
プログラム,ラン,0.000847457627118644
プログラム,訓練,0.0008460833392089121
プログラム,教材,0.0008460236886632825
プログラム,支援,0.0008460236886632825
プログラム,付属,0.0008453085376162299
テスト,バジョン,0.0008442380751371887
プログラム,必読,0.0008438818565400844
プログラム,送受信,0.0008424599831508003
ssd,ん,0.0008418689490669286
ssd,識別,0.0008410428931875525
プログラム,希,0.0008403361344537816
プログラム,無事,0.0008389261744966443
プログラム,規約,0.0008389261744966443
テスト,確認,0.0008387942332896461
ライブラリ,格納,0.0008382229673093043
model,写真,0.0008338296605122096
引数,損失,0.0008333017688723912
segmentation,向け,0.0008319467554076539
備忘録,回帰,0.0008305647840531562
プログラム,メモリオバ,0.0008298755186721991
プログラム,余計,0.0008298755186721991
model,エポック,0.0008261049153242462
ライブラリ,追加,0.0008244023083264633
プログラム,仕事,0.0008237232289950577
ライブラリ,準備,0.0008233841086867024
コンパイル,表,0.0008223684210526315
model,保存,0.000820304960432349
ライブラリ,画像,0.0008185229307983435
プログラム,終了,0.0008184980560671168
分析,水増し,0.0008163265306122449
model,最適,0.0008153583870728634
分析,解説,0.0008129420372327453
ライブラリ,範囲,0.0008123476848090983
ssd,さ,0.000811871363492851
テスト,追加,0.0008117981328642944
model,笑,0.0008115785202218315
テスト,読み込み,0.0008092251669026907
プログラム,起動,0.0008077544426494346
クラスタリング,特定,0.0008071025020177562
プログラム,高次,0.0008058017727639
プログラム,都合,0.0008045052292839903
テスト,準備,0.0008036970062286518
引数,適応,0.0008017103153393907
プログラム,ライブアニメション,0.0008012820512820513
備忘録,内容,0.0008012820512820513
model,評価,0.000800854244527496
ライブラリ,部分,0.0007994518044769301
ライブラリ,ライブラリ,0.0007985480943738657
model,推論,0.0007975390224450267
プログラム,初心者,0.0007974481658692185
model,指定,0.0007940709370037057
引数,関数,0.0007922945471492931
プログラム,現象,0.0007905138339920949
model,ニュラルネットワクモデル,0.0007882291119285339
model,実行,0.0007878358150161507
分析,学習,0.0007874081706162726
引数,形状,0.0007863695937090433
引数,拡張,0.0007863695937090433
引数,検証,0.0007861635220125787
テスト,環境,0.0007860399308284861
分析,温度,0.0007841087297438578
分析,日時,0.0007841087297438578
分析,散布,0.0007841087297438578
分析,気象,0.0007841087297438578
分析,日照,0.0007841087297438578
分析,施策,0.0007841087297438578
分析,問,0.0007841087297438578
分析,除算,0.0007841087297438578
ハンズオン,伝播,0.0007803355442840422
分析,実践,0.0007799298063174314
プログラム,程度,0.0007791195948578107
テスト,乱数,0.0007787403874233427
分析,欠損,0.0007785130400934215
分析,英語,0.0007777057679844458
ライブラリ,娘,0.0007765105556903664
分析,自由,0.0007757951900698216
プログラム,対象,0.0007757951900698216
model,コピペ,0.0007751937984496124
プログラミング,特定,0.000774593338497289
model,済み,0.0007744733581164808
ライブラリ,特徴,0.0007719968307498528
初心者,目次,0.0007710100231303007
プログラム,作成,0.0007689350249903883
分析,失敗,0.0007685551163812034
ハンズオン,種,0.0007680491551459293
プログラミング,目次,0.0007674597083653108
分析,移転,0.0007672634271099745
引数,返却,0.0007648183556405354
引数,転送,0.0007648183556405354
分析,文字,0.0007633587786259542
model,記録,0.0007633587786259542
ライブラリ,中身,0.0007605388961321165
分析,統合,0.0007563342997604941
テスト,初期,0.0007556675062972292
初心者,改良,0.0007547169811320754
プログラム,切り抜き,0.0007541478129713424
ライブラリ,試し,0.0007535795026375283
コンパイル,図,0.0007530120481927711
分析,大量,0.0007526342197691922
コンパイル,管理,0.0007524454477050414
引数,記録,0.0007523039307880384
テスト,ニュラルネットワク,0.0007517769272826681
プログラミング,改良,0.0007513148009015778
プログラム,機能,0.0007486430844095078
備忘録,向け,0.0007485029940119761
プログラム,開発,0.0007477567298105683
segmentation,変数,0.0007476076555023923
ssd,実装,0.0007457121551081282
ライブラリ,管理,0.0007455268389662028
ssd,導入,0.000744047619047619
プログラム,運用,0.0007401924500370096
コンパイル,追加,0.0007390983000739098
ライブラリ,最大,0.0007367025195226168
テスト,実行,0.0007360263237649911
備忘録,変数,0.000732922896511287
ssd,ベス,0.0007326007326007326
分析,終了,0.0007313282749794314
学生,縦,0.0007309941520467836
ライブラリ,予測,0.0007308754263439987
ssd,結果,0.0007307270734380709
分析,正規,0.0007306889352818372
テスト,全体,0.0007293946024799417
引数,流れ,0.0007271405199054717
ハンズオン,性能,0.000725689404934688
model,モデル,0.0007254221398837092
ライブラリ,機能,0.0007233927118184284
分析,損失,0.0007231608704227204
テスト,設計,0.0007219565021207473
テスト,結果,0.0007177376907986028
model,正解,0.0007170386304562158
model,層,0.0007159160777905988
ライブラリ,決定,0.0007141836880445651
気象庁,軸,0.0007132667617689016
テスト,実装,0.0007128007128007127
model,学習,0.0007118170201452793
ライブラリ,物体,0.0007115749525616698
引数,推移,0.0007102272727272727
プログラム,回数,0.0007097232079489
ssd,イメジ,0.0007092198581560284
ssd,virtualkittidataset,0.0007077140835102619
ssd,悪化,0.0007077140835102619
ssd,達成,0.0007074637424831977
ライブラリ,検証,0.0007070260715863897
クラスタリング,方向,0.0007057163020465773
ssd,決定,0.0007042253521126761
ssd,ssdssdyolo,0.0007037297677691766
ssd,各地,0.0007022471910112359
ssd,オフセット,0.0007012622720897616
ライブラリ,認識,0.0007012130986606829
プログラミング,環境,0.0006975122064636131
ハンズオン,派生,0.0006963788300835655
引数,範囲,0.0006953297021671109
ライブラリ,検出,0.0006939969265850394
テスト,デタ,0.0006937159486988596
プログラム,ライブシアタ,0.0006927606511950121
プログラム,録画,0.0006927606511950121
分析,削減,0.0006911447084233262
テスト,ネットワクモデル,0.0006893699158968703
model,損失,0.0006874592951733121
分析,検証,0.0006866363402283066
ssd,マルチスケル,0.0006863417982155113
プログラム,比率,0.0006846970215679561
model,下図,0.0006830601092896175
プログラム,深層,0.0006828269033799932
プログラム,勉強,0.0006824385805277526
テスト,固定,0.0006823942288945213
ssd,デタサイエンス,0.0006779661016949153
テスト,根拠,0.0006776904310111142
プログラム,必須,0.000676132521974307
model,さ,0.0006744158368707105
ライブラリ,構築,0.0006726928736598696
分析,勉強,0.0006699846860643185
引数,次元,0.0006697923643670462
ssd,同等,0.0006697923643670462
ライブラリ,挑戦,0.0006687472135532769
引数,読み込み,0.0006665555740709882
分析,抽出,0.0006662225183211193
model,生成,0.0006650041562759767
ssd,資格,0.0006640106241699867
プログラム,仮定,0.000663129973474801
分析,表現,0.0006621420294653203
ssd,目的,0.0006616674018526688
テスト,予測,0.0006600660066006601
テスト,判断,0.000658154534684744
model,結果,0.0006577306026173142
segmentation,サイト,0.0006574621959237344
ssd,truth,0.0006561679790026247
ssd,記事,0.0006561017462400323
ssd,信頼,0.0006557377049180328
ssd,対策,0.0006557377049180328
気象庁,追加,0.0006556302245533519
ライブラリ,交差,0.0006550218340611354
プログラム,失敗,0.0006542361792607131
model,引数,0.0006540222367560497
ライブラリ,訓練,0.0006532006833484072
ライブラリ,実施,0.0006523157208088715
プログラム,分類,0.0006507239303725395
ライブラリ,理解,0.0006505475441830207
ハンズオン,平均,0.0006499837504062399
ライブラリ,利用,0.0006490531459987783
気象庁,行列,0.0006484383443207608
model,全,0.0006476683937823834
ssd,中央,0.0006472491909385113
分析,受容,0.0006449185790293975
分析,野,0.0006440705257225667
ライブラリ,今後,0.0006415739948674081
引数,概要,0.0006405124099279424
model,マップ,0.0006389076504627517
ライブラリ,領域,0.0006372009500086891
model,結合,0.0006370441153049849
model,サイズ,0.0006363549587960164
プログラム,成分,0.0006353240152477764
テスト,性能,0.0006339144215530904
ライブラリ,決定的,0.0006328312871788382
ライブラリ,割り当て,0.0006328312871788382
ライブラリ,前章,0.0006328312871788382
テスト,半分,0.0006327111673521037
ライブラリ,推奨,0.0006324310650139134
ライブラリ,疑似,0.0006323510813203491
ライブラリ,前節,0.0006319514661274014
ライブラリ,経路,0.0006317119393556538
ライブラリ,科学,0.0006316321374431531
ライブラリ,発見,0.0006305170239596469
備忘録,応用,0.0006297229219143577
ライブラリ,多層,0.000629643621710112
分析,実施,0.0006293266205160479
プログラム,活用,0.0006293266205160479
ssd,推定,0.0006286672254819782
ライブラリ,側,0.0006282196255811032
ssd,transformer,0.0006273525721455458
ライブラリ,確保,0.0006264094211976949
ライブラリ,書き,0.00062625250501002
segmentation,準備,0.0006259780907668231
ssd,工夫,0.0006257822277847309
プログラム,非常,0.0006251953735542357
テスト,格納,0.0006242197253433209
初心者,転移,0.0006242197253433209
テスト,値,0.0006231755715175965
segmentation,自然,0.0006230529595015577
ライブラリ,無駄,0.0006224324660774306
ライブラリ,戻り,0.0006220452848967405
プログラミング,転移,0.0006218905472636816
ライブラリ,親子,0.0006205013651030033
分析,動画,0.0006204917397037152
ライブラリ,牛,0.0006198090987975703
ハンズオン,改良,0.0006191950464396285
model,返却,0.0006188118811881188
model,転送,0.0006188118811881188
ライブラリ,直接,0.0006183527083848628
ライブラリ,変換,0.0006182380216383308
ライブラリ,目次,0.0006169792694965449
引数,許容,0.0006167129201356768
model,専用,0.0006152899553914783
model,statedict,0.0006151953245155337
分析,機能,0.0006142506142506142
ライブラリ,機,0.0006141751627564182
ライブラリ,誤差,0.0006136582800035066
テスト,可視,0.0006123966580639517
プログラム,使用,0.0006123464349955987
引数,起動,0.0006112469437652812
ライブラリ,再現,0.0006110228522546743
model,変化,0.0006106870229007634
ライブラリ,料理,0.0006098304671301379
model,関数,0.0006096167034976758
model,仕組み,0.0006086427267194157
プログラム,水増し,0.0006075334143377885
model,引用,0.0006071952638769417
引数,最大,0.0006064894369756394
引数,登録,0.0006044122091266244
model,算出,0.0006035913686434284
分析,線形,0.0006025548324897565
テスト,開発,0.0006013229104028864
分析,部分,0.0006013003119245368
備忘録,準備,0.0006007810153199159
ライブラリ,型,0.0005996102533353321
分析,読み込み,0.0005988023952095808
ライブラリ,公式,0.0005985156811108451
分析,切り抜き,0.0005981457481806401
分析,準備,0.0005967774020290431
segmentation,完成,0.0005966587112171838
分析,規模,0.0005959120433823967
テスト,モデル,0.0005954834867848472
model,流れ,0.0005939123979213066
segmentation,形式,0.0005928853754940712
引数,数値,0.0005922416345869114
分析,改良,0.0005904581955597543
テスト,テストデタ,0.0005888587916617595
引数,番号,0.0005871990604815032
model,丼,0.0005868544600938967
model,pytorch,0.0005866631901440584
テスト,結合,0.000584339696143358
引数,結果,0.0005832808380579082
気象庁,気象庁,0.0005830903790087463
model,推移,0.0005825808330905913
引数,拡大,0.0005825808330905913
分析,構築,0.0005803589934916884
model,今後,0.0005794582065768506
備忘録,形式,0.0005775895263765884
備忘録,自然,0.0005750431282346176
model,分類,0.000574361919804717
model,インストル,0.0005741352088416823
ライブラリ,初期,0.0005739869130983814
プログラム,保存,0.0005726720879624327
segmentation,transform,0.0005720823798627002
テスト,判別,0.0005709391949757351
プログラム,期待,0.0005691519635742744
ライブラリ,収集,0.0005673436968115284
model,背景,0.0005656108597285068
プログラム,手軽,0.0005656108597285068
model,格納,0.0005636184303226716
テスト,ニュラルネットワクモデル,0.0005635919594213789
分析,評価,0.000562651212513363
プログラム,概念,0.0005610098176718093
引数,有用,0.0005603287261860292
ssd,基礎,0.0005599104143337066
ハンズオン,達成,0.0005577244841048522
テスト,ライブラリ,0.0005532197388802832
model,読み込み,0.0005528680027643401
備忘録,完成,0.0005524861878453039
引数,活用,0.0005520287054926856
テスト,評価,0.0005513113333858392
分析,手書き,0.0005485463521667581
model,save,0.0005485463521667581
気象庁,読み込み,0.0005474952094169176
プログラム,限界,0.0005473453749315818
ハンズオン,ピクセル,0.0005473453749315818
model,行い,0.0005460750853242321
テスト,転移,0.0005451076587626056
model,使用,0.0005442547112048439
model,試し,0.000544069640914037
ssd,通り,0.0005426426698019355
気象庁,準備,0.0005424464334147003
プログラム,実行,0.0005423728813559322
テスト,低下,0.0005414185165132648
プログラミング,理論,0.0005408328826392645
テスト,プリング,0.0005394470667565745
分析,定義,0.0005385392123864019
model,デタ,0.0005374417771408098
プログラム,観測,0.0005373455131649651
引数,為,0.0005351886540005352
ssd,記述,0.0005350454788657035
model,概要,0.0005348308597406071
ハンズオン,移動,0.0005333333333333334
ssd,低,0.0005326231691078562
テスト,数字,0.0005319856363878176
クラスタリング,順,0.000531632110579479
プログラム,統合,0.0005313496280552603
model,torchvision,0.0005307151386493299
model,nn,0.0005299417064122947
ライブラリ,表示,0.0005291405246050344
ハンズオン,転移,0.0005285412262156448
ssd,セグメンテション,0.0005279831045406547
備忘録,程度,0.0005277044854881266
テスト,訓練,0.0005275652862041678
model,機,0.0005270555165144061
引数,率,0.000526592943654555
テスト,手順,0.0005253480430785396
初心者,初期,0.0005252100840336134
引数,統一,0.0005250262513125656
ssd,備忘録,0.0005246589716684155
気象庁,設定,0.0005236287472182222
プログラミング,初期,0.0005235602094240838
テスト,画像,0.0005223735982273
ライブラリ,詳細,0.0005214851898206091
引数,文字,0.0005204267499349467
ssd,改善,0.0005200208008320333
備忘録,推定,0.0005173305742369374
model,順番,0.0005162178439301385
model,確認,0.0005146921205315365
ssd,その他,0.0005140947648016451
テスト,手書き,0.0005117707267144319
学生,軸,0.0005115089514066496
引数,必要,0.0005107078410677198
model,種類,0.0005091001654575538
引数,詳細,0.0005080440304826418
model,公式,0.0005080440304826418
引数,確率,0.0005056122964910507
分析,超大,0.0005051780752715333
分析,無限,0.0005051780752715333
分析,大形,0.0005051780752715333
分析,反対,0.0005051780752715333
分析,攻撃,0.0005051780752715333
分析,誕生,0.0005051780752715333
分析,策,0.0005051780752715333
分析,実社会,0.0005051780752715333
分析,理想,0.0005051780752715333
分析,固有値,0.0005051780752715333
分析,試み,0.0005051780752715333
分析,射影,0.0005051780752715333
model,リスト,0.0005048592704783542
分析,敵対,0.0005046681806712087
model,処理,0.0005045226855021803
分析,簡単,0.0005041910884225121
分析,進化,0.0005041593143433325
プログラム,ルル,0.0005040322580645161
分析,得意,0.0005039052658100278
分析,状,0.0005035880649628604
バイナリ,ファイル,0.0005035246727089627
分析,強,0.0005030813734121495
分析,探索,0.0005030813734121495
引数,文書,0.0005015045135406219
分析,坂,0.0005011903270266884
分析,膨大,0.0005011275369581559
引数,設定,0.000500600720865038
初心者,収集,0.0004985044865403788
分析,高性能,0.0004976362279173924
プログラミング,収集,0.0004970178926441351
分析,少量,0.000496709300881659
分析,向け,0.0004961548002976929
ssd,拡張,0.000496031746031746
分析,平滑,0.0004956015363647627
分析,負,0.0004956015363647627
分析,引き分け,0.0004944987019409074
分析,原,0.0004936443292607676
分析,紹介,0.0004931878429196721
分析,近傍,0.0004928536224741252
プログラム,今どき,0.0004926108374384236
プログラム,春休み,0.0004926108374384236
プログラム,定番,0.0004926108374384236
プログラム,大好き,0.0004926108374384236
プログラム,四角,0.0004926108374384236
プログラム,囲み,0.0004926108374384236
プログラム,世代,0.0004926108374384236
プログラム,少,0.0004926108374384236
プログラム,所持,0.0004926108374384236
プログラム,レア,0.0004926108374384236
プログラム,引換,0.0004926108374384236
プログラム,券,0.0004926108374384236
プログラム,ポジション,0.0004926108374384236
プログラム,曲,0.0004926108374384236
プログラム,収録,0.0004926108374384236
プログラム,不明瞭,0.0004926108374384236
プログラム,振り分け,0.0004926108374384236
プログラム,思いの外,0.0004926108374384236
プログラム,再掲,0.0004926108374384236
プログラム,強化,0.0004926108374384236
分析,現実,0.0004924895345973898
プログラム,人数,0.0004923682914820286
プログラム,ログ,0.0004916420845624386
分析,推論,0.0004915212582944212
プログラム,搭載,0.0004909180166912126
プログラム,界隈,0.0004909180166912126
プログラム,横顔,0.0004906771344455348
分析,組み合わせ,0.0004903162539838195
分析,潜在,0.0004901960784313725
プログラム,医療,0.0004894762604013706
プログラム,有名,0.0004889975550122249
分析,距離,0.0004889377826671556
プログラム,正直,0.0004885197850512946
ssd,スケル,0.0004884402474763921
分析,影響,0.000488162069807176
プログラム,均等,0.0004870920603994155
プログラム,マシン,0.00048638132295719845
プログラム,無料,0.0004861448711716091
プログラム,大体,0.0004861448711716091
model,可能,0.000486050354816759
プログラム,最近,0.0004854368932038835
プログラム,笑,0.00048449612403100775
引数,決定,0.000484402247626429
分析,画素,0.00048408568316592036
ライブラリ,降下,0.0004828118964851294
分析,派生,0.0004825090470446321
プログラム,主要,0.0004803073967339097
プログラム,個人,0.00047961630695443646
テスト,使用,0.0004795455383820871
テスト,返却,0.0004791566842357451
テスト,転送,0.0004791566842357451
プログラム,大学,0.0004775549188156638
分析,能力,0.00047738393603055255
segmentation,アキテクチャ,0.00047709923664122136
プログラム,組み合わせ,0.00047505938242280285
プログラム,自身,0.00047505938242280285
テスト,専用,0.0004749465685110425
分析,分野,0.00047455214141653814
ライブラリ,記事,0.00047428955377257817
引数,決定的,0.00047404598246029864
引数,推奨,0.0004734848484848485
引数,疑似,0.00047337278106508875
分析,自然,0.00047253396337861784
引数,経路,0.0004724781478856603
引数,科学,0.0004723665564478035
引数,発見,0.00047080979284369113
分析,獲得,0.0004707728520988623
segmentation,ダウンロド,0.00047058823529411766
引数,表,0.0004701457451810061
プログラム,大変,0.0004701457451810061
テスト,記録,0.0004693733865289838
分析,原因,0.0004691531785127844
プログラム,期間,0.0004679457182966776
テスト,指定,0.0004677997816934352
引数,試し,0.000467180565288484
テスト,仕組み,0.00046707146193367583
分析,縦,0.0004658746797111577
model,一般,0.00046544100535257155
分析,横,0.00046527858555309994
引数,確保,0.00046511627906976747
引数,書き,0.00046490004649000463
テスト,成長,0.0004640371229698376
テスト,モデルレインボブリッジ,0.00046382189239332097
テスト,教科書,0.0004636068613815484
テスト,連鎖,0.0004631773969430292
model,率,0.00046292724326826634
テスト,ニズ,0.00046274872744099955
ssd,解説,0.00046253469010175765
テスト,複合,0.00046253469010175765
model,環境,0.00046221400508435407
テスト,市場,0.00046125461254612545
テスト,相場,0.00046125461254612545
テスト,算出,0.0004611482591653217
テスト,掲載,0.0004610419548178884
テスト,バリデション,0.00046061722708429296
テスト,議論,0.00045998160073597056
ライブラリ,同様,0.000459896983075791
model,挑戦,0.0004598405885959534
テスト,前項,0.0004597701149425287
テスト,進捗,0.0004597701149425287
引数,無駄,0.0004596644449551827
テスト,冒頭,0.00045955882352941176
テスト,後半,0.00045955882352941176
テスト,トレンド,0.00045934772622875517
テスト,現場,0.0004591368227731864
テスト,ロンドン,0.0004589261128958238
テスト,証券,0.0004589261128958238
テスト,取引,0.0004589261128958238
ライブラリ,深層,0.0004588208304657031
テスト,発表,0.00045871559633027525
引数,管理,0.0004579803068468056
model,値,0.00045752630776269633
引数,親子,0.0004570383912248629
テスト,先ほど,0.0004570383912248629
テスト,判定,0.0004565515142291889
引数,牛,0.00045610034207525655
テスト,反復,0.00045599635202918376
プログラム,前節,0.0004553734061930783
テスト,頑健,0.0004534119247336205
テスト,桁,0.00045330915684496827
ssd,visiontransformer,0.0004528985507246377
テスト,定量,0.0004528985507246377
テスト,作者,0.0004526935264825713
テスト,適宜,0.00045248868778280545
引数,目次,0.0004522840343735866
分析,最小,0.0004518242403704959
テスト,履歴,0.0004514672686230248
テスト,起動,0.0004514672686230248
model,パッケジ,0.000450755014649538
テスト,テレビ,0.00045045045045045046
プログラム,表,0.00045045045045045046
ライブラリ,勾配,0.00045020709526382135
テスト,流れ,0.0004499437570303712
テスト,視野,0.00044943820224719103
model,最大,0.0004493170381020848
テスト,視点,0.0004492362982929021
テスト,罫線,0.000449034575662326
ライブラリ,水増し,0.00044886181468419364
引数,機,0.00044853106077595876
テスト,商品,0.0004484304932735426
プログラム,現在,0.00044822949350067237
model,初め,0.0004481792717086835
テスト,マルチラベルクラス,0.00044802867383512545
分析,録画,0.0004473772508667934
引数,確認,0.00044687189672293944
model,チャンネル,0.00044652824291136416
テスト,最適,0.0004462293618920125
model,summary,0.00044612982377871963
テスト,画,0.00044583147570218456
model,xbatch,0.0004457321149988857
model,ybatch,0.0004457321149988857
model,バッチノマライゼション,0.0004457321149988857
分析,比率,0.0004456824512534819
プログラム,好き,0.000445632798573975
プログラム,試し,0.0004450378282153983
model,実施,0.00044444444444444447
テスト,提供,0.00044444444444444447
テスト,撮影,0.000444247001332741
分析,必須,0.0004438526409232135
テスト,正規,0.0004438526409232135
ライブラリ,枚数,0.0004433803316484881
引数,料理,0.00044277175116227583
model,強調,0.0004419889502762431
テスト,丼,0.0004418912947414936
プログラム,確認,0.0004418424831547553
プログラム,作業,0.0004409171075837742
テスト,領収,0.0004409171075837742
テスト,出典,0.00044014084507042255
ライブラリ,設定,0.0004388531304856641
プログラム,部分,0.0004377431906614786
テスト,推移,0.00043706293706293706
プログラミング,依存,0.00043649061545176777
テスト,反省,0.0004361098996947231
ssd,両方,0.0004351610095735422
テスト,切り取り,0.0004332755632582322
model,決定,0.00043267566632052614
分析,非常,0.0004322922295471739
テスト,金額,0.0004322455154527772
model,出力,0.00043205384755321083
ライブラリ,出力,0.00043079309007883513
テスト,正則,0.00043010752688172043
model,画像,0.00042978403352315463
分析,可視,0.00042946102641185313
プログラム,正答,0.00042918454935622315
分析,可能,0.0004280638671289756
分析,層,0.00042781100626084953
テスト,ミニ,0.00042765502494654313
プログラム,プログラム,0.00042643923240938164
テスト,関数,0.00042629784009094355
分析,実行,0.0004258188140946028
model,predict,0.0004241781548250265
バイナリ,無,0.00042301184433164127
プログラム,定義,0.00042265426880811494
model,標準,0.00042211903756859433
ハンズオン,内容,0.00042211903756859433
引数,簡単,0.0004219765381044814
プログラム,直接,0.0004219409282700422
バイナリ,ヘッダ,0.00042140750105351877
バイナリ,フォマット,0.00042087542087542086
プログラム,特定,0.00042087542087542086
バイナリ,バイナリフォマット,0.00041999160016799666
プログラム,推論,0.000419785909186315
ssd,アルゴリズム,0.0004188774085450991
バイナリ,調,0.0004185851820845542
テスト,一緒,0.00041841004184100416
テスト,更新,0.0004182350480970305
分析,手軽,0.0004171011470281543
テスト,レシピ,0.0004170141784820684
model,雰囲気,0.0004166666666666667
model,tensorflowv,0.0004166666666666667
用語,言葉,0.0004158004158004158
ライブラリ,局所,0.00041524790299808987
model,白色,0.00041459369817578774
プログラム,自然,0.00041459369817578774
プログラム,最後,0.00041288191577208916
model,マスク,0.0004126263668248401
備忘録,参考,0.0004116920543433512
バイナリ,階,0.00041152263374485596
用語,皆さん,0.00041118421052631577
ライブラリ,開発,0.0004110574452779776
テスト,角,0.00041050903119868636
用語,認知,0.0004103405826836274
初心者,正規,0.0004100041000410004
プログラミング,動き,0.0004091653027823241
プログラミング,正規,0.00040899795501022495
model,記述,0.0004079135223332653
テスト,定義,0.0004058935747047124
model,範囲,0.00040547389761784084
model,効率,0.00040543279951348065
テスト,間隔,0.0004035512510088781
分析,平均,0.0004027386226339106
プログラム,完成,0.0004027386226339106
ssd,顔,0.00040123044001604924
バイナリ,量子,0.00040112314480545525
バイナリ,論文,0.00040051142227767766
用語,論文,0.0004004250666091697
テスト,上昇,0.00040032025620496394
プログラム,表示,0.0003993078663649674
気象庁,重み,0.00039878370968545937
ライブラリ,動画,0.0003980891719745223
テスト,変化,0.0003980891719745223
ライブラリ,取得,0.00039761431411530816
テスト,全,0.000397456279809221
分析,開発,0.0003973378364954803
テスト,行い,0.00039721946375372393
テスト,範囲,0.00039609189331925006
ライブラリ,情報,0.00039563222028802023
分析,行い,0.00039556962025316455
ライブラリ,勉強,0.0003954522985664854
ライブラリ,次元,0.00039544447959506484
バイナリ,原著,0.00039345294302801383
分析,笑,0.0003928501276762915
テスト,処理,0.00039275755076391346
用語,研究,0.00039257472940384724
model,次元,0.00039238767902687857
model,opencv,0.00039154267815191856
ssd,参考,0.0003908431044109436
テスト,原理,0.00039032006245121
分析,記事,0.0003900308124341823
プログラム,事前,0.0003891050583657588
テスト,状況,0.000388651379712398
バイナリ,窓,0.0003875802075707334
用語,窓,0.00038734667527437055
プログラム,構築,0.0003872966692486445
テスト,ファイル,0.00038714672861014324
テスト,概要,0.0003854307188282906
ssd,の,0.00038533524166024444
model,特徴,0.00038528021325780453
用語,記事,0.00038513383400731754
バイナリ,戦略,0.00038430129221309506
バイナリ,圧縮,0.00038382804503582393
ライブラリ,入力,0.0003831417624521073
ssd,図,0.0003829216925138809
テスト,可能,0.0003828274541974296
ライブラリ,中間,0.0003819709702062643
テスト,汎,0.0003808073115003808
テスト,差,0.0003808073115003808
分析,関数,0.00038002806361085126
segmentation,交差,0.0003790750568612585
バイナリ,リム,0.00037848067045147336
ライブラリ,変数,0.00037835792659856227
テスト,上下,0.00037835792659856227
プログラム,実装,0.00037821482602118004
プログラム,分け,0.00037821482602118004
引数,挑戦,0.000378000378000378
model,nbspparams,0.0003775484520513466
ライブラリ,終了,0.0003771094560196097
分析,利用,0.0003768607499528924
model,中間,0.00037593984962406017
segmentation,最終,0.0003755163349605708
model,エッジ,0.0003744617112900206
プログラム,移動,0.0003736920777279522
テスト,引数,0.0003734129947722181
ssd,画像,0.0003729951510630362
ハンズオン,実施,0.0003728560775540641
segmentation,中身,0.0003727171077152441
テスト,幅,0.00037230081906180194
テスト,勉強,0.0003721622627465575
model,変数,0.00037157454714352065
プログラム,環境,0.00037126415444588826
バイナリ,重み,0.0003712469256113973
テスト,作成,0.0003704115272067267
プログラム,周波数,0.0003696857670979667
プログラム,枠,0.0003696857670979667
ライブラリ,確率,0.0003683512597613084
引数,領域,0.00036808009422850414
バイナリ,数式,0.00036766958759727926
引数,画像,0.0003673861311735482
テスト,生成,0.0003673769287288758
segmentation,解説,0.0003672420124862284
引数,青,0.0003671970624235006
model,インポトモデル,0.00036677058499908307
model,torchpytroch,0.00036677058499908307
model,決定的,0.00036677058499908307
model,ユティリティ,0.00036677058499908307
model,割り当て,0.00036677058499908307
model,ファイルサイズ,0.00036677058499908307
model,前章,0.00036677058499908307
model,づつ,0.00036677058499908307
model,インストルライブラリ,0.00036677058499908307
model,推奨,0.00036643459142543056
model,疑似,0.00036636746656896867
model,utils,0.00036636746656896867
segmentation,手軽,0.0003663003663003663
model,前節,0.00036603221083455345
model,つぎ,0.00036589828027808267
model,経路,0.0003658313517468447
model,科学,0.000365764447695684
分析,速度,0.0003652300949598247
model,デバイス,0.0003651634106262553
model,コマンド,0.0003650967506389193
model,optim,0.0003650301149844862
model,そのもの,0.00036489691662105453
model,発見,0.00036483035388544326
クラスタリング,平均,0.00036469730123997083
ライブラリ,構成,0.0003645377661125693
model,多層,0.0003640997633351538
バイナリ,共有,0.0003640555791517505
model,パセプトロン,0.0003637024913620658
model,ペジ,0.0003632401017072285
model,側,0.0003629105425512611
テスト,推定,0.00036258158085569254
コンパイル,対応,0.0003620564808110065
引数,色,0.0003615764734241292
model,確保,0.0003614022406938923
model,書き,0.000361271676300578
テスト,実,0.0003604902667627974
バイナリ,本,0.00036043458112352606
テスト,文字,0.0003589375448671931
model,無駄,0.00035810205908683976
model,戻り,0.00035778175313059033
備忘録,最終,0.0003575259206292456
ssd,位置,0.0003572704537334762
model,親子,0.00035650623885918
model,設定,0.00035641094181591376
model,牛,0.0003559352197899982
バイナリ,ポイント,0.00035539128580567203
テスト,リスト,0.0003550505947097461
引数,追加,0.0003549455750118315
model,to,0.000354735721887194
model,直接,0.000354735721887194
備忘録,資料,0.0003546099290780142
分析,特徴,0.00035416856399825953
用語,縮小,0.00035398230088495576
model,目次,0.0003536067892503536
テスト,表示,0.00035335689045936394
ハンズオン,結合,0.00035323207347227127
プログラム,手順,0.00035323207347227127
プログラム,誤差,0.00035137034434293746
model,情報,0.00035046217198931093
備忘録,手軽,0.00034916201117318437
model,再現,0.0003487358326068004
model,機能,0.00034831069313827936
model,料理,0.0003477656059815684
プログラム,最初,0.00034656038814763474
プログラム,削除,0.00034578146611341634
プログラム,検出,0.00034573364679850644
バイナリ,鉛筆,0.0003456022118541559
バイナリ,元祖,0.0003456022118541559
バイナリ,軽量,0.0003453634950785702
ライブラリ,形式,0.00034524426031417227
用語,鉛筆,0.00034518467380048324
segmentation,予測,0.00034518467380048324
バイナリ,マジ,0.0003450655624568668
用語,軽量,0.00034494653328734045
テスト,安定,0.0003443526170798898
プログラム,学習,0.000343982077651749
コンパイル,ラベル,0.00034376074252320387
テスト,最後,0.0003435835767050335
model,transform,0.0003434655675768504
バイナリ,番目,0.0003423250718882651
用語,番目,0.0003419972640218878
テスト,精度,0.00034196802598957
バイナリ,比較,0.00034192710114203654
プログラム,利用,0.0003417634996582365
プログラミング,開発,0.0003414134516899966
引数,格納,0.00034100596760443307
テスト,終了,0.00034094783498124785
バイナリ,手法,0.00034066274388355527
分析,誤差,0.00034054146092286734
バイナリ,受容,0.0003400939896116745
資格,開発,0.00034002040122407346
バイナリ,獲得,0.0003396079953425189
バイナリ,野,0.00033957953878924457
プログラム,制限,0.00033944331296673454
用語,野,0.0003394328385842565
プログラム,階層,0.00033818058843422386
バイナリ,活性,0.00033783783783783786
テスト,ルル,0.00033772374197906115
コンパイル,読み込み,0.0003372681281618887
ハンズオン,対応,0.0003372681281618887
気象庁,解説,0.0003368137420006736
バイナリ,研究,0.0003367381299809182
ライブラリ,技術,0.0003351655717924655
バイナリ,削減,0.00033494105037513397
テスト,トレニング,0.00033400133600534405
プログラム,初期,0.000333889816360601
バイナリ,通り,0.0003333888981496916
用語,通り,0.000333000333000333
テスト,バッチ,0.0003327048907618942
引数,認識,0.0003323533171417615
model,動作,0.0003315100281783524
プログラム,順,0.0003313452617627568
引数,準備,0.00033129037601457677
プログラム,ミニ,0.0003311806590495115
segmentation,格納,0.00033068783068783067
ライブラリ,種類,0.00033026916937303904
分析,成功,0.00033025099075297226
テスト,現実,0.00032829940906106366
分析,収集,0.0003278330237132554
ハンズオン,模,0.00032776138970829236
model,必要,0.0003266906239790918
バイナリ,採用,0.00032615786040443573
ハンズオン,神経,0.0003257328990228013
テスト,保存,0.0003253266822100526
分析,種類,0.00032427173971788357
ライブラリ,手軽,0.00032414910858995135
バイナリ,パラメタ,0.0003240564239420511
バイナリ,数学,0.0003237293622531564
バイナリ,発想,0.0003237293622531564
バイナリ,罪,0.0003237293622531564
バイナリ,ライク,0.0003237293622531564
バイナリ,授業,0.0003237293622531564
バイナリ,感謝,0.0003237293622531564
用語,発想,0.0003232410300614158
用語,罪,0.0003232410300614158
プログラム,収集,0.00032289312237649337
segmentation,ラベル,0.0003219575016097875
バイナリ,フィルタ,0.0003212915922006466
バイナリ,当時,0.00032119914346895073
ハンズオン,興味,0.0003211303789338471
バイナリ,役割,0.00032047858134814656
バイナリ,多様,0.00032030749519538755
バイナリ,検討,0.00032030749519538755
分析,理解,0.0003193527783691718
model,初期,0.0003193357815743254
バイナリ,説明,0.0003186888231277032
バイナリ,非線形,0.00031857279388340236
用語,説明,0.00031848582738068157
用語,非線形,0.0003180998833633761
テスト,デタロダ,0.00031776294884016526
テスト,一般,0.00031725888324873094
バイナリ,収束,0.000316722972972973
備忘録,格納,0.00031665611146295124
引数,特徴,0.0003164323309460272
テスト,決定的,0.00031625553447185326
テスト,ユティリティ,0.00031625553447185326
テスト,割り当て,0.00031625553447185326
テスト,ファイルサイズ,0.00031625553447185326
テスト,前章,0.00031625553447185326
バイナリ,項,0.00031575623618566466
テスト,推奨,0.00031575623618566466
model,エントロピ,0.00031570639305445933
テスト,疑似,0.0003156565656565657
プログラム,内容,0.0003154574132492114
用語,項,0.00031529164477141355
ライブラリ,問題,0.00031520882584712374
テスト,前節,0.0003151591553734636
テスト,経路,0.00031486146095717883
バイナリ,順番,0.0003147953830010493
テスト,科学,0.0003147623544224111
用語,順番,0.0003143336127409891
バイナリ,場所,0.0003143006809848088
テスト,デバイス,0.00031387319522912746
テスト,発見,0.00031338138514572234
ハンズオン,人間,0.00031308703819661864
分析,日本語,0.0003124674513071555
テスト,多層,0.0003123048094940662
テスト,パセプトロン,0.0003117206982543641
ライブラリ,ラベル,0.0003114941335271519
バイナリ,遷移,0.0003114294612270321
ハンズオン,開発,0.0003112356053532524
コンパイル,プリング,0.00031121139033688633
テスト,ペジ,0.00031104199066874026
用語,遷移,0.0003109775059604022
プログラム,済み,0.000310880829015544
model,内容,0.00031065548306927616
引数,都度,0.00031065548306927616
テスト,側,0.00031055900621118014
テスト,線形,0.00031026993484331366
テスト,試し,0.00031017369727047146
引数,誤判,0.0003097893432465923
ライブラリ,切り抜き,0.00030934213239843265
ssd,精度,0.00030902348578491963
テスト,確保,0.0003083564600678384
テスト,書き,0.0003081664098613251
引数,通し番号,0.00030759766225776686
プログラム,挑戦,0.00030703101013202335
テスト,不変,0.0003068425897514575
ハンズオン,プリング,0.00030637254901960784
引数,辺,0.0003050640634533252
バイナリ,有用,0.0003045994517209869
ライブラリ,解答,0.000304228780042592
引数,推定,0.000304228780042592
model,予測,0.0003039821663795724
テスト,パッケジ,0.00030376670716889426
テスト,無駄,0.00030358227079538557
model,テスト,0.00030349013657056146
テスト,戻り,0.0003031221582297666
テスト,管理,0.00030211480362537764
テスト,初め,0.0003014318010550113
テスト,親子,0.00030129557095510696
ハンズオン,最近,0.00030120481927710846
テスト,プログラム,0.00030102347983142685
テスト,牛,0.00030048076923076925
ハンズオン,抽出,0.0003003453972067878
テスト,誤差,0.000299895036737142
バイナリ,目的,0.0002997002997002997
引数,降下,0.00029967036260113877
用語,目的,0.00029928172386272945
テスト,直接,0.00029877502240812666
model,交差,0.00029792939073439596
バイナリ,リンク,0.0002977667493796526
model,レイヤ,0.0002975895248487253
テスト,目次,0.00029717682020802375
model,中身,0.0002959455460195324
クラスタリング,教師,0.00029481132075471697
プログラム,ベクトル,0.0002947678703021371
テスト,機,0.00029394473838918284
バイナリ,種類,0.00029364263691087944
ハンズオン,結論,0.0002935995302407516
用語,種類,0.0002933411557641537
segmentation,型,0.00029321213898255387
ハンズオン,型,0.00029295444558371175
分析,検出,0.00029244041526538966
バイナリ,成功,0.00029242616239399553
バイナリ,便利,0.0002913469942701758
分析,用意,0.00028954035468693447
バイナリ,情報,0.0002893937201562726
バイナリ,技術,0.0002892123782897908
バイナリ,大,0.00028904518739762984
プログラム,可能,0.00028885037550548814
ライブラリ,充実,0.00028885037550548814
気象庁,訓練,0.0002882675122513693
ライブラリ,自前,0.0002881014116969173
segmentation,用意,0.0002876042565429968
備忘録,型,0.0002875629043853343
ライブラリ,割愛,0.0002875629043853343
バイナリ,先人,0.00028735632183908046
バイナリ,ラスタ,0.00028735632183908046
バイナリ,失念,0.00028735632183908046
バイナリ,マザボド,0.00028735632183908046
バイナリ,道具,0.00028735632183908046
バイナリ,調節,0.00028735632183908046
バイナリ,脳神経,0.00028735632183908046
ライブラリ,都合,0.0002872737719046251
ハンズオン,積,0.0002871088142405972
分析,実現,0.00028694404591104734
バイナリ,箱,0.00028690288337397793
用語,道具,0.00028677946659019213
用語,調節,0.00028677946659019213
用語,脳神経,0.00028677946659019213
バイナリ,掛け算,0.0002867383512544803
バイナリ,記号,0.00028669724770642203
model,構造,0.0002866835491423384
プログラム,中身,0.00028653295128939826
用語,箱,0.0002863278453829635
用語,記号,0.0002861230329041488
ハンズオン,単純,0.0002860411899313501
引数,適切,0.0002860411899313501
バイナリ,丸,0.0002857959416976279
model,py,0.00028534741047224997
引数,標準,0.0002853067047075606
バイナリ,過程,0.00028494087476848553
バイナリ,感覚,0.0002849002849002849
用語,過程,0.00028437366699843596
バイナリ,形式,0.000284050560999858
プログラム,低,0.00028392958546280523
バイナリ,同士,0.00028376844494892167
プログラム,内部,0.0002836074872376631
model,パディング,0.0002834467120181406
バイナリ,操作,0.00028340654669122857
引数,検索,0.00028328611898016995
ハンズオン,最大,0.000283245999150262
バイナリ,引用,0.0002829014371393007
引数,間隔,0.0002828054298642534
バイナリ,発生,0.00028252578047746857
テスト,必要,0.0002824858757062147
備忘録,用意,0.0002821670428893905
segmentation,エラ,0.0002821670428893905
テスト,程度,0.00028208744710860365
model,検出,0.00028199199142744344
用語,発生,0.00028196813760045117
ライブラリ,言語,0.0002817298211015636
バイナリ,理由,0.0002805836139169473
バイナリ,赤,0.00028042624789680314
プログラム,画像,0.00028027619945473537
ライブラリ,図,0.0002801643630930146
model,詳細,0.00028011204481792715
用語,赤,0.000279876854184159
バイナリ,座標,0.0002794076557697681
segmentation,勉強,0.000278473962684489
用語,重み,0.0002782286111755159
テスト,気温,0.00027793218454697053
引数,情報,0.0002778420930771012
プログラム,変換,0.0002767783005812344
バイナリ,全て,0.0002766761966245504
テスト,公式,0.00027662517289073305
テスト,水増し,0.0002763448784082535
バイナリ,入力,0.00027618067237440057
ライブラリ,対象,0.00027581134503999266
バイナリ,効果,0.0002756719503790489
model,準備,0.00027506532801540364
プログラム,今後,0.00027495188342040145
プログラム,代表,0.0002738975623116954
テスト,移動,0.0002737476047084588
テスト,分類,0.000273715492296864
バイナリ,青,0.00027363524421945547
バイナリ,参照,0.00027333606669400026
用語,青,0.00027311211252219035
バイナリ,簡単,0.000273000273000273
バイナリ,意味,0.00027285129604365623
用語,簡単,0.0002726529128419522
model,認識,0.0002726078659760601
バイナリ,人物,0.00027207182696231805
引数,機能,0.00027100271002710027
引数,理解,0.0002708375651702891
ライブラリ,再生,0.00027078256160303275
model,領域,0.000269923746541602
model,変更,0.00026946914578280785
引数,環境,0.00026946914578280785
コンパイル,実装,0.00026914278024491994
バイナリ,色,0.00026896180742334586
用語,色,0.00026845637583892615
備忘録,勉強,0.00026845637583892615
ssd,認識,0.00026797438164911436
segmentation,推定,0.0002678810608090008
テスト,パラメタ,0.00026785543459544264
引数,重み,0.0002677017802168384
分析,相関,0.0002677017802168384
分析,同様,0.00026761819803746654
segmentation,解決,0.00026737967914438503
テスト,マップ,0.0002666158826890116
プログラム,モデル,0.0002662776697230712
model,構成,0.00026626431170675426
バイナリ,特徴,0.00026609898882384245
segmentation,パト,0.0002656042496679947
プログラム,対応,0.0002655337227827934
ssd,サベイ,0.00026497085320614734
テスト,メソッド,0.00026483050847457627
バイナリ,紹介,0.0002644802962179318
用語,紹介,0.0002641542660913974
バイナリ,ピクセル,0.00026308866087871614
model,エラ,0.000262501640635254
バイナリ,同,0.00026246719160104987
ライブラリ,文法,0.0002623638987275351
引数,状態,0.00026226068712300026
分析,環境,0.00026219192448872575
分析,大,0.00026210602188585284
ライブラリ,ロド,0.0002613012803762738
プログラム,格納,0.00026102845210127906
ライブラリ,一致,0.0002603488674824265
segmentation,リスト,0.00025974025974025974
バイナリ,複数,0.00025967281225655674
用語,複数,0.00025935851992737964
備忘録,教師,0.00025933609958506224
テスト,検出,0.00025906735751295336
バイナリ,通常,0.0002588996763754045
引数,誤差,0.0002588326646822829
テスト,削除,0.0002584647195657793
用語,通常,0.0002584313218762114
備忘録,解決,0.0002581311306143521
分析,採用,0.00025774303019889173
コンパイル,手書き,0.0002575328354365182
ssd,代表,0.0002574002574002574
ライブラリ,計算,0.00025728105382319643
model,メモ,0.0002572678157962439
model,全体,0.00025713551041398817
バイナリ,存在,0.0002566405748748877
model,パラメタ,0.00025660294360233877
バイナリ,傾向,0.00025568908207619537
プログラム,ラベル,0.0002555583950932788
テスト,必須,0.00025406504065040653
プログラム,正解,0.0002533569799847986
ハンズオン,処理,0.0002533034998100224
model,降下,0.00025290844714213456
分析,参考,0.0002528125395019593
バイナリ,規模,0.000251994960100798
ライブラリ,表,0.00025192089683839276
用語,規模,0.0002516989680342311
プログラム,設定,0.00025138260432378077
バイナリ,ベクトル,0.00025131942699170643
ライブラリ,好き,0.0002511616225040814
pandas,同様,0.00025056376847907793
ライブラリ,作業,0.00025040691123075
model,理解,0.0002499531337874149
プログラム,ライブラリ,0.000248015873015873
ssd,真,0.00024789291026276647
分析,春休み,0.0002473716759431045
分析,定番,0.0002473716759431045
分析,大好き,0.0002473716759431045
分析,四角,0.0002473716759431045
分析,囲み,0.0002473716759431045
分析,少,0.0002473716759431045
分析,所持,0.0002473716759431045
分析,引換,0.0002473716759431045
分析,券,0.0002473716759431045
分析,曲,0.0002473716759431045
分析,収録,0.0002473716759431045
分析,振り分け,0.0002473716759431045
分析,思いの外,0.0002473716759431045
分析,強化,0.0002473716759431045
バイナリ,要素,0.0002473410833539451
分析,搭載,0.00024715768660405336
分析,界隈,0.00024715768660405336
分析,横顔,0.0002471271469170888
ライブラリ,特定,0.0002470660901791229
分析,医療,0.0002469745616201531
用語,要素,0.0002469135802469136
分析,有名,0.0002469135802469136
分析,正直,0.00024685262898049864
引数,負,0.0002467308166790032
分析,均等,0.000246669955599408
バイナリ,マップ,0.0002466465554859886
分析,無料,0.0002465483234714004
分析,大体,0.0002465483234714004
テスト,ネットワク,0.00024617202501107775
バイナリ,必要,0.00024546761580811443
分析,大学,0.00024542888697999754
分析,自身,0.00024509803921568627
バイナリ,記載,0.0002444390124663896
分析,大変,0.0002444390124663896
segmentation,速度,0.00024437927663734115
分析,期間,0.000244140625
用語,記載,0.0002440214738897023
ライブラリ,完成,0.000243842965130456
ハンズオン,値,0.00024370713365595516
気象庁,計算,0.00024364245469773107
テスト,情報,0.00024345116369656246
コンパイル,調整,0.00024313153415998054
分析,既存,0.00024274790629930817
引数,検出,0.0002424536307431204
ライブラリ,縦,0.0002423654871546292
コンパイル,写真,0.00024224806201550387
ライブラリ,横,0.00024204284158296018
分析,表,0.00024169184290030211
分析,現在,0.0002413709872073377
ライブラリ,程度,0.00024134186074574636
ハンズオン,全,0.00024131274131274132
ライブラリ,事前,0.00024128362890577873
バイナリ,特性,0.00024126907533626878
引数,選択,0.000241196333815726
テスト,内容,0.00024113817217265494
分析,好き,0.00024099289070972406
バイナリ,記事,0.0002408361832281682
テスト,出力,0.00023984841580121364
テスト,非常,0.00023940627244433804
バイナリ,出力,0.00023872615722504714
クラスタリング,一般,0.00023860653781913624
分析,正答,0.0002385211687537269
プログラム,分析,0.0002380952380952381
プログラミング,文献,0.00023803856224708403
model,同様,0.00023741690408357076
分析,特定,0.00023721978412999644
バイナリ,過,0.00023719165085388995
用語,過,0.00023679848448969926
備忘録,速度,0.000236630383341221
テスト,挑戦,0.00023618327822390176
プログラム,理解,0.00023557126030624264
分析,完成,0.00023424689622862497
バイナリ,中間,0.0002340276152586005
ライブラリ,手順,0.00023391812865497077
コンパイル,デタセット,0.00023323615160349855
バイナリ,計算,0.00023307985898668533
model,ネットワク,0.00023302418791070514
用語,計算,0.00023298482686315053
バイナリ,適用,0.00023296447291788001
初心者,環境,0.00023272050267628578
用語,適用,0.00023258518432375856
ライブラリ,録画,0.0002323690019751365
分析,程度,0.00023193784065870347
バイナリ,分割,0.000231789998261575
ライブラリ,比率,0.0002314546927438954
model,フィルタ,0.00023121832790612537
model,勾配,0.000231000231000231
バイナリ,利用,0.00023087223530498223
ライブラリ,必須,0.00023046784973496196
テスト,伝播,0.00023030861354214648
バイナリ,機械,0.0002296211251435132
ライブラリ,分割,0.00022932623950832454
分析,移動,0.0002290688351849731
プログラム,画面,0.00022893772893772894
分析,枠,0.00022831050228310502
プログラム,後者,0.00022799817601459188
ライブラリ,失敗,0.0002278682921271505
テスト,確率,0.00022639800769753225
テスト,最大,0.00022626994003846588
テスト,交差,0.0002261420171867933
model,判定,0.0002256317689530686
model,検証,0.00022547914317925591
分析,手順,0.00022507314877335134
model,x,0.00022471910112359551
ライブラリ,非常,0.0002242403856934634
バイナリ,用意,0.00022386389075442132
テスト,中身,0.00022386389075442132
プログラム,段階,0.00022371364653243848
引数,要素,0.00022351363433169424
model,直近,0.00022336385972749609
テスト,前半,0.00022336385972749609
model,まとまり,0.0002232142857142857
model,見通し,0.0002232142857142857
model,誤差,0.00022318937618569356
テスト,層,0.00022318362862244198
引数,物体,0.0002229654403567447
クラスタリング,設計,0.00022289089490694304
テスト,構成,0.0002228163992869875
model,並列,0.00022222222222222223
model,シンプル,0.0002221235006663705
テスト,付与,0.00022197558268590456
model,履歴,0.00022187708009762592
model,継承,0.00022187708009762592
model,optimizer,0.00022177866489243733
プログラム,全体,0.00022172949002217295
バイナリ,確率,0.00022148394241417498
コンパイル,下図,0.00022143489813994686
model,済,0.00022138587558113792
model,最初,0.00022123893805309734
用語,確率,0.00022114108801415304
クラスタリング,逆,0.0002208968411751712
バイナリ,実現,0.00022077491996909152
分析,順,0.00022043425548330211
model,training,0.00022026431718061675
プログラム,注意,0.00021987686895338611
プログラム,倍,0.0002192982456140351
プログラム,便利,0.00021917808219178083
ハンズオン,位置,0.00021910604732690623
model,sequential,0.00021867483052700635
model,グラフ,0.0002182214948172395
バイナリ,構成,0.00021805494984736154
ハンズオン,環境,0.00021800741225201656
ライブラリ,最終,0.0002176515398846447
model,数値,0.0002168256721595837
テスト,今後,0.00021673168617251842
model,クロ,0.00021640337589266391
model,ブラ,0.00021640337589266391
model,発覚,0.00021640337589266391
model,悩み,0.00021640337589266391
model,opencvv,0.00021640337589266391
model,合併,0.00021640337589266391
model,真似,0.00021640337589266391
model,修理,0.00021640337589266391
model,ミ,0.00021640337589266391
model,格闘,0.00021640337589266391
model,オライ,0.00021640337589266391
model,沼,0.00021640337589266391
model,session,0.00021640337589266391
model,こいつ,0.00021640337589266391
model,カップル,0.00021640337589266391
model,半減,0.00021640337589266391
model,丁寧,0.00021626297577854672
初心者,記事,0.00021623959346956428
model,後々,0.0002161227577263886
model,長方形,0.000216076058772688
model,ググ,0.00021602937999567941
model,予定,0.0002158428663932657
テスト,決定,0.00021581957483543757
バイナリ,理解,0.00021570319240724764
model,僕,0.0002153316106804479
model,やり方,0.00021510002151000216
model,全身,0.00021500752526338422
model,上書き,0.00021496130696474635
バイナリ,監視,0.0002149151085321298
バイナリ,照会,0.0002149151085321298
バイナリ,服装,0.0002149151085321298
バイナリ,一人物,0.0002149151085321298
バイナリ,做,0.0002149151085321298
バイナリ,厄介,0.0002149151085321298
バイナリ,同定,0.0002149151085321298
バイナリ,塗り絵,0.0002149151085321298
バイナリ,最小限,0.0002149151085321298
バイナリ,各々,0.0002149151085321298
バイナリ,左辺,0.0002149151085321298
バイナリ,率直,0.0002149151085321298
バイナリ,忠告,0.0002149151085321298
バイナリ,失態,0.0002149151085321298
バイナリ,遺言,0.0002149151085321298
バイナリ,一生,0.0002149151085321298
バイナリ,肖像,0.0002149151085321298
バイナリ,抗議,0.0002149151085321298
バイナリ,笑顔,0.0002149151085321298
バイナリ,小学校,0.0002149151085321298
バイナリ,牙,0.0002149151085321298
バイナリ,教訓,0.0002149151085321298
バイナリ,策略,0.0002149151085321298
バイナリ,自明,0.0002149151085321298
バイナリ,店員,0.0002149151085321298
バイナリ,一方,0.0002149151085321298
バイナリ,進行,0.0002149151085321298
バイナリ,先生,0.0002149151085321298
バイナリ,学部,0.0002149151085321298
バイナリ,最強,0.0002149151085321298
バイナリ,蒸留,0.0002149151085321298
バイナリ,離乳食,0.0002149151085321298
バイナリ,メジャ,0.0002149151085321298
バイナリ,一族,0.0002149151085321298
バイナリ,到達,0.0002149151085321298
バイナリ,英国,0.0002149151085321298
バイナリ,調子,0.0002149151085321298
バイナリ,通例,0.0002149151085321298
バイナリ,生物,0.0002149151085321298
バイナリ,負荷,0.0002149151085321298
バイナリ,パ,0.0002149151085321298
model,けんご,0.00021486892995272884
model,屋敷,0.00021486892995272884
バイナリ,迷惑,0.00021486892995272884
分析,挑戦,0.0002147766323024055
バイナリ,後ろ,0.0002147766323024055
バイナリ,優秀,0.0002147766323024055
model,相手,0.00021473051320592657
プログラム,リスト,0.00021473051320592657
バイナリ,矢印,0.00021468441391155003
バイナリ,停止,0.00021468441391155003
バイナリ,命,0.000214638334406525
バイナリ,直列,0.000214638334406525
model,アンケト,0.00021459227467811158
バイナリ,重,0.00021454623471358077
model,ダメ,0.0002145002145002145
バイナリ,瞬間,0.0002145002145002145
バイナリ,姿,0.0002144542140253056
バイナリ,学,0.0002144082332761578
バイナリ,雑,0.0002144082332761578
バイナリ,仲間,0.00021436227224008573
バイナリ,気持ち,0.00021436227224008573
バイナリ,拝見,0.00021436227224008573
バイナリ,直感,0.0002143163309044149
バイナリ,登場,0.0002143163309044149
バイナリ,先輩,0.0002143163309044149
バイナリ,見た目,0.0002143163309044149
バイナリ,資料,0.0002143163309044149
用語,監視,0.00021427040925648167
用語,遺言,0.00021427040925648167
用語,肖像,0.00021427040925648167
用語,笑顔,0.00021427040925648167
用語,策略,0.00021427040925648167
用語,自明,0.00021427040925648167
用語,進行,0.00021427040925648167
用語,蒸留,0.00021427040925648167
用語,離乳食,0.00021427040925648167
用語,英国,0.00021427040925648167
用語,調子,0.00021427040925648167
用語,通例,0.00021427040925648167
用語,負荷,0.00021427040925648167
バイナリ,層,0.00021423735785351306
バイナリ,活動,0.00021422450728363326
用語,迷惑,0.00021422450728363326
バイナリ,命名,0.00021413276231263382
バイナリ,作戦,0.00021408691928923143
用語,矢印,0.00021404109589041095
バイナリ,前半,0.00021399529210357372
用語,直列,0.00021399529210357372
バイナリ,頭,0.000213903743315508
用語,重,0.000213903743315508
用語,瞬間,0.000213857998289136
バイナリ,先述,0.000213857998289136
バイナリ,執拗,0.00021381227282446012
バイナリ,不明,0.00021376656690893543
用語,雑,0.00021376656690893543
バイナリ,彼ら,0.00021372088053002778
ライブラリ,参考,0.00021369347807504915
用語,直感,0.00021367521367521368
バイナリ,右辺,0.00021367521367521368
用語,登場,0.00021367521367521368
用語,見た目,0.00021367521367521368
用語,資料,0.00021367521367521368
バイナリ,分の,0.00021362956633198035
バイナリ,リソス,0.0002134927412467976
バイナリ,周囲,0.0002134927412467976
バイナリ,時代,0.00021344717182497332
バイナリ,急激,0.0002133560913164071
バイナリ,当初,0.0002133560913164071
用語,頭,0.00021326508850501172
バイナリ,基,0.00021326508850501172
バイナリ,権,0.00021312872975277067
バイナリ,生,0.00021303792074989347
バイナリ,考え方,0.00021299254526091586
バイナリ,内部,0.00021281123643328368
バイナリ,該当,0.00021281123643328368
バイナリ,動き,0.0002126754572522331
バイナリ,用語,0.00021253985122210415
model,開始,0.00021253985122210415
model,ライン,0.00021249468763280918
バイナリ,構造,0.0002123705866737457
用語,考え方,0.00021235931195582927
model,コディング,0.00021222410865874363
バイナリ,参考,0.0002121790791427965
用語,該当,0.0002121790791427965
備忘録,環境,0.00021208907741251324
model,タイプ,0.00021208907741251324
バイナリ,フロ,0.00021190930281839374
バイナリ,日本語,0.000211864406779661
model,人物,0.0002117074203450831
引数,適用,0.0002117074203450831
バイナリ,モノ,0.00021168501270110075
バイナリ,節約,0.00021141649048625792
バイナリ,決定,0.00021134946634259749
バイナリ,周り,0.00021128248468201986
segmentation,コド,0.00021110407430863416
バイナリ,後述,0.00021110407430863416
バイナリ,概念,0.00021101498206372652
ライブラリ,対応,0.00021085925144965736
用語,節約,0.00021079258010118043
バイナリ,完全,0.00021070375052675939
気象庁,簡単,0.00021048200378867606
model,お,0.00020999580008399833
分析,最終,0.0002099737532808399
ssd,教師,0.0002099517111064455
テスト,パディング,0.0002098635886673662
バイナリ,共通,0.0002098635886673662
バイナリ,率,0.00020979314396005539
テスト,合計,0.00020964360587002095
引数,表示,0.00020944601528955913
バイナリ,制約,0.00020889910173386254
バイナリ,様子,0.00020876826722338206
segmentation,検証,0.00020855057351407716
バイナリ,関連,0.00020846362309776944
バイナリ,解,0.00020833333333333335
バイナリ,狙い,0.00020807324178110696
用語,関連,0.00020785699438786114
用語,解,0.0002077274615704196
バイナリ,金額,0.00020729684908789387
バイナリ,代表,0.00020729684908789387
用語,金額,0.00020669698222405952
バイナリ,相対,0.00020627062706270627
テスト,詳細,0.00020622808826562179
バイナリ,統一,0.00020601565718994644
model,チェック,0.0002058460271716756
プログラム,一番,0.0002057189878625797
用語,相対,0.00020567667626491157
ハンズオン,逆,0.00020563438206868187
用語,統一,0.00020542317173377156
バイナリ,実験,0.00020470829068577277
バイナリ,経験,0.00020466639377814163
バイナリ,ブロック,0.00020458265139116204
ハンズオン,誤差,0.0002044153720359771
プログラム,記事,0.0002041962325795089
用語,経験,0.00020408163265306123
バイナリ,今度,0.00020370747606437156
分析,対応,0.00020364524997454434
model,ディレクトリ,0.0002031694433157253
ライブラリ,笑,0.00020308692120227456
バイナリ,メモリ,0.00020308692120227456
備忘録,検証,0.0002028809089064719
分析,格納,0.00020230629172567267
バイナリ,想定,0.0002022653721682848
バイナリ,注目,0.0002021835826930853
バイナリ,基本,0.00020153164046755341
バイナリ,合計,0.0002013693113169553
ハンズオン,最初,0.0002011667672500503
バイナリ,真,0.00020108586366378444
バイナリ,一緒,0.00020092425155716296
バイナリ,更新,0.0002008435428800964
用語,真,0.00020052135552436334
バイナリ,格納,0.00019984012789768185
バイナリ,制限,0.00019976028765481422
引数,構成,0.00019932230416583617
バイナリ,模,0.0001990049751243781
model,知識,0.0001987281399046105
segmentation,クラス,0.0001984914648670107
バイナリ,神経,0.00019825535289452815
用語,神経,0.00019770660340055358
バイナリ,重要,0.0001967342120794806
プログラム,以外,0.00019657951641438963
バイナリ,興味,0.00019654088050314466
segmentation,グラフ,0.00019646365422396856
用語,重要,0.00019619383951343929
model,物体,0.0001960015680125441
バイナリ,ヒト,0.0001960015680125441
用語,興味,0.0001960015680125441
バイナリ,ユザ,0.00019565642731363725
プログラム,調整,0.00019542700801250732
バイナリ,印象,0.0001948178453146308
バイナリ,人間,0.0001934984520123839
バイナリ,反転,0.00019338619222587506
ライブラリ,簡単,0.00019309989701338825
テスト,結論,0.00019290123456790122
バイナリ,正誤,0.00019256691700365877
分析,画面,0.00019188333493236112
テスト,フォルダ,0.00019177294083804776
ライブラリ,重み,0.00019157822138779265
分析,後者,0.00019155253328225267
ssd,手法,0.00019135093761959434
テスト,適当,0.00019091256204658267
model,変換,0.00019056693663649358
分析,段階,0.00019002375296912113
バイナリ,取得,0.00018962738219398882
プログラム,文献,0.00018917896329928113
バイナリ,最近,0.00018889308651303362
用語,関数,0.00018879501581158258
分析,注意,0.00018862586060548902
ssd,複数,0.00018841262364578426
分析,手法,0.00018828845791752966
バイナリ,正確,0.0001881821603312006
model,閾値,0.00018768768768768769
プログラム,一般,0.00018768768768768769
model,適用,0.00018724838498267952
コンパイル,評価,0.00018654976214905325
バイナリ,再,0.00018653236336504383
プログラム,分割,0.00018650917003419334
プログラム,位置,0.0001863932898415657
バイナリ,行列,0.00018613308515588647
用語,行列,0.00018589088205223534
バイナリ,結論,0.0001858736059479554
model,表示,0.00018547713994250208
用語,結論,0.0001853911753800519
model,スクリプト,0.00018535681186283596
バイナリ,画像,0.00018499054025646416
model,局所,0.0001848685122706475
model,識別,0.0001847063169560399
クラスタリング,通常,0.00018463810930576072
ssd,量,0.00018417902200939314
バイナリ,提案,0.0001840942562592047
バイナリ,適当,0.0001840264998159735
pandas,予測,0.0001839249586168843
テスト,段階,0.00018358729575913347
用語,適当,0.00018355359765051394
model,型,0.00018353675323483528
ハンズオン,解説,0.00018338529249954154
バイナリ,積,0.0001832508704416346
バイナリ,単純,0.00018281535648994517
用語,積,0.00018278194114421494
分析,実装,0.00018246510354894625
テスト,メモ,0.0001823819077147547
引数,最終,0.00018165304268846503
プログラム,下図,0.00018115942028985507
備忘録,深層,0.00018101185627658611
テスト,注意,0.00018099547511312217
model,応用,0.00018083182640144665
コンパイル,数字,0.00018047283883775492
バイナリ,画面,0.00018047283883775492
用語,画面,0.00018001800180018
バイナリ,後者,0.00017988846914912754
model,確率,0.00017975912277548085
ssd,引用,0.0001792435920415845
model,ランダム,0.00017905102954341988
分析,調整,0.00017901897601145723
プログラム,判定,0.00017869907076483203
model,サイト,0.00017866714311238162
プログラム,形状,0.00017857142857142857
バイナリ,属性,0.00017853954650955185
プログラム,検証,0.0001785076758300607
model,nbspmodel,0.00017825311942959
model,nbsplayer,0.00017825311942959
model,nbspoutput,0.00017825311942959
model,nbspshape,0.00017825311942959
model,nbspparam,0.00017825311942959
model,nbspinput,0.00017825311942959
model,nbspconv,0.00017825311942959
model,nbsppermute,0.00017825311942959
model,nbspglobalmaxpooling,0.00017825311942959
model,nbspbalmaxpooling,0.00017825311942959
model,nbspdense,0.00017825311942959
model,nbsptotal,0.00017825311942959
model,nontrainable,0.00017825311942959
model,permute,0.00017825311942959
model,trainable,0.00017815784785319794
model,プログラム,0.00017812611328820805
テスト,降下,0.00017803097739006588
引数,技術,0.000177999288002848
ハンズオン,追加,0.000177999288002848
ライブラリ,下図,0.0001779517750689563
バイナリ,段階,0.000177210703526493
引数,部分,0.00017699115044247788
用語,画像,0.00017655960988733816
プログラム,逆,0.00017655367231638418
分析,文献,0.00017635129177321225
バイナリ,メモ,0.00017608733932030288
バイナリ,教師,0.00017537706068046299
気象庁,評価,0.00017528483786152498
model,記事,0.00017499343774608452
バイナリ,注意,0.00017479461632581716
バイナリ,倍,0.00017442874585731728
model,原因,0.00017415534656913968
バイナリ,パト,0.00017406440382941688
ライブラリ,最初,0.00017404925593943085
ssd,マップ,0.00017383914084833502
ハンズオン,確認,0.0001733102253032929
バイナリ,関数,0.00017309750110152956
バイナリ,降下,0.0001720282126268708
プログラミング,理解,0.00017165908505707665
分析,判定,0.00017165908505707665
用語,降下,0.00017161489617298782
ssd,形状,0.00017140898183064793
segmentation,圧縮,0.00017129153819801302
分析,逆,0.0001706630258554484
プログラム,評価,0.00017057569296375266
引数,計算,0.00017051752067524938
プログラム,形式,0.0001703867779860283
プログラム,操作,0.0001699235344095157
ssd,領域,0.00016969285593076533
プログラム,参考,0.00016968325791855203
バイナリ,精度,0.0001695346274476562
用語,精度,0.00016943409013893597
model,分け,0.00016911889058007779
分析,最初,0.0001691045911896508
プログラム,指定,0.00016873365392727579
model,利用,0.00016839269175717773
model,部分,0.0001678274733573886
分析,形式,0.0001677289500167729
segmentation,ファイル,0.00016758840288252054
備忘録,圧縮,0.00016744809109176155
ssd,深層,0.00016728002676480428
ライブラリ,解説,0.00016704251231938527
バイナリ,最後,0.00016616816218012627
バイナリ,一番,0.00016572754391779913
ハンズオン,動画,0.00016548072149594572
気象庁,種類,0.00016479894528675015
バイナリ,速度,0.00016469038208168644
用語,速度,0.00016431153466973383
segmentation,ん,0.00016417665407978985
プログラム,レベル,0.00016412276382734285
テスト,写真,0.0001636929120969062
テスト,同様,0.00016305233980107615
ハンズオン,物体,0.00016299918500407498
プログラム,意味,0.00016239038648911984
バイナリ,可能,0.0001622937516905599
model,参加,0.0001618384851917786
引数,引用,0.00016182975509763727
model,nishiba,0.00016170763260025875
model,量,0.00016159657415262796
model,技術,0.00016038492381716118
プログラム,関数,0.0001603180710529691
テスト,特徴,0.00015997611023420503
バイナリ,条件,0.00015992323684631377
バイナリ,以外,0.0001597444089456869
テスト,領域,0.00015962965919067763
クラスタリング,適用,0.00015933715742511153
model,コンペ,0.0001592103168285305
バイナリ,調整,0.0001589825119236884
バイナリ,合成,0.00015885623510722796
用語,調整,0.00015862944162436547
バイナリ,写真,0.00015860428231562253
備忘録,記事,0.00015858751387640745
model,取得,0.00015819030293443012
テスト,機能,0.00015815277558121145
バイナリ,同様,0.00015800284405119292
バイナリ,領域,0.00015717092337917484
テスト,勾配,0.00015705983979896342
用語,領域,0.000156998194520763
segmentation,デタ,0.00015693112467306014
model,プレイヤ,0.00015678896205707118
分析,活性,0.00015621338748730767
バイナリ,処理,0.00015586642247593813
バイナリ,構築,0.00015583606046439146
プログラム,追加,0.00015578750584203146
segmentation,変換,0.00015576323987538941
ハンズオン,変換,0.0001556178026766262
引数,通り,0.00015549681231534753
プログラミング,機械,0.0001549666821633349
バイナリ,文献,0.00015482272797646694
pandas,型,0.0001547029702970297
バイナリ,局所,0.00015351550506601167
分析,記載,0.00015308075009567548
バイナリ,位置,0.00015295197308045274
備忘録,変換,0.00015257857796765334
バイナリ,勾配,0.00015236934328813042
テスト,形状,0.0001520450053215752
プログラム,存在,0.00015103458692040478
model,システム,0.00015078407720144752
テスト,逆,0.0001505797319680771
分析,過,0.0001502065339842283
プログラム,問題,0.00015016142353029506
引数,構築,0.00014915726147267936
segmentation,テストデタ,0.00014900908955446283
分析,説明,0.000148970243193922
ライブラリ,用意,0.00014835694681403458
model,推薦,0.0001483459427384661
テスト,最初,0.0001481700992739665
バイナリ,判定,0.00014773230905599054
バイナリ,パッケジ,0.0001474708745022858
分析,機械,0.0001471345545501361
プログラム,結果,0.00014689680499449138
バイナリ,初め,0.00014637002341920375
ssd,予測,0.0001462843768285547
バイナリ,逆,0.0001462629808395495
ssd,比較,0.0001461240593263681
プログラム,動画,0.0001461133839859731
用語,逆,0.00014596409283316303
テスト,理解,0.0001458470064901918
引数,最後,0.00014534883720930232
ライブラリ,余裕,0.00014492753623188405
クラスタリング,バッチ,0.0001448225923244026
ライブラリ,壁,0.00014478065730418415
ライブラリ,無事,0.00014467592592592592
ライブラリ,赤ちゃん,0.00014452955629426219
ライブラリ,安心,0.0001444669170759896
ライブラリ,本書,0.0001443209698369173
プログラム,説明,0.00014425851125216387
プログラム,生成,0.0001442030378773313
ライブラリ,近年,0.00014413375612568464
バイナリ,最初,0.00014398848092152627
ライブラリ,選別,0.00014394702749388226
ライブラリ,リアルタイム,0.00014330753797649757
プログラミング,ライブラリ,0.00014326647564469913
model,入力,0.00014309563558311471
ライブラリ,提供,0.000143000143000143
プログラム,記載,0.0001426533523537803
ハンズオン,導入,0.00014216661927779356
ライブラリ,ラベル付け,0.00014190435646374344
ライブラリ,切り取り,0.00014182385477237272
ライブラリ,実務,0.00014170327334561429
ライブラリ,分析,0.00014164305949008498
コンパイル,ライブラリ,0.000141622999575131
テスト,フィルタ,0.00014109489639603322
segmentation,正解,0.00014108352144469525
ssd,サイズ,0.00014079549454417458
引数,条件,0.000140548137737175
テスト,参照,0.00014040999719180006
ライブラリ,仮想,0.0001398992725237829
引数,調整,0.00013982102908277405
プログラム,信号,0.0001394700139470014
テスト,部分,0.0001392563709789723
ライブラリ,公開,0.00013890818169190166
バイナリ,表現,0.00013877324451845685
ライブラリ,検索,0.0001386001386001386
用語,表現,0.00013850415512465375
備忘録,正解,0.00013846579894765993
テスト,色,0.00013810247203424942
引数,種類,0.00013806433798149937
分析,感度,0.0001380452788514633
分析,背後,0.0001380452788514633
バイナリ,部分,0.00013800082800496802
model,切り抜き,0.00013795006207752792
用語,部分,0.00013791201213625708
segmentation,ライブラリ,0.00013777900248002206
ライブラリ,暇,0.00013777900248002206
ライブラリ,空隙,0.00013777900248002206
ライブラリ,透水,0.00013777900248002206
ライブラリ,架空,0.00013777900248002206
ライブラリ,紆余曲折,0.00013777900248002206
ライブラリ,不足,0.00013777900248002206
プログラム,過,0.0001377410468319559
ライブラリ,相談,0.00013766519823788548
バイナリ,レベル,0.00013762730525736306
分析,思い付き,0.0001375894331315355
ライブラリ,当たり前,0.0001374003847210772
ライブラリ,混同,0.0001373060551970342
ライブラリ,波,0.00013723068478111705
分析,明らか,0.00013704262025489926
分析,初心者,0.00013679890560875513
プログラミング,分析,0.0001366867140513942
ライブラリ,要求,0.00013659336156262805
分析,食材,0.00013640703860319192
ライブラリ,強度,0.00013609145345672293
コンパイル,順番,0.00013596193065941537
ライブラリ,記述,0.00013596193065941537
分析,反省,0.00013564839934888768
分析,日本人,0.0001355380862022228
model,最近,0.00013531799729364006
ライブラリ,備忘録,0.00013528138528138528
分析,成果,0.00013528138528138528
分析,講座,0.0001352265043948614
ライブラリ,引用,0.0001349952751653692
分析,受講,0.00013478905512872354
segmentation,タスク,0.00013477088948787063
ライブラリ,便利,0.00013472549680026944
ライブラリ,係数,0.00013464386697185942
バイナリ,解説,0.00013464386697185942
用語,解説,0.00013439053890606102
テスト,向上,0.00013419216317767042
ライブラリ,追記,0.0001339764201500536
ライブラリ,期待,0.00013374348000534973
ライブラリ,移転,0.00013352917612498332
model,深層,0.00013341338136215063
ライブラリ,状態,0.00013336889837289943
segmentation,実装,0.00013279330721731626
プログラム,機械,0.00013266118333775536
コンパイル,定義,0.00013237435467502095
model,単純,0.00013217023526301876
分析,考慮,0.0001320306311064167
分析,調理,0.00013187392852433074
ライブラリ,犬,0.0001316829075585989
引数,枚数,0.00013164823591363875
ライブラリ,回帰,0.00013163090693694878
備忘録,実装,0.00013162224415926292
テスト,認識,0.00013135426244581636
テスト,傾向,0.0001311131506490101
プログラム,型,0.00013107877834578582
segmentation,分割,0.00013089861901956933
ハンズオン,層,0.00013074288105012683
segmentation,遷移,0.00013063357282821686
model,勉強,0.00013042911177774878
分析,物,0.00013024225058609013
ssd,抽出,0.0001299545159194282
ライブラリ,全て,0.00012994607237996233
備忘録,分割,0.0001297605917082982
ライブラリ,向け,0.00012938284383490748
ライブラリ,平滑,0.00012923235978288964
ライブラリ,配列,0.0001290822253775655
コンパイル,引用,0.00012903225806451613
ライブラリ,今どき,0.00012903225806451613
ライブラリ,春休み,0.00012903225806451613
ライブラリ,定番,0.00012903225806451613
ライブラリ,大好き,0.00012903225806451613
ライブラリ,四角,0.00012903225806451613
ライブラリ,囲み,0.00012903225806451613
ライブラリ,世代,0.00012903225806451613
ライブラリ,少,0.00012903225806451613
ライブラリ,所持,0.00012903225806451613
ライブラリ,レア,0.00012903225806451613
ライブラリ,引換,0.00012903225806451613
ライブラリ,券,0.00012903225806451613
ライブラリ,曲,0.00012903225806451613
ライブラリ,収録,0.00012903225806451613
ライブラリ,不明瞭,0.00012903225806451613
ライブラリ,振り分け,0.00012903225806451613
ライブラリ,思いの外,0.00012903225806451613
ライブラリ,再掲,0.00012903225806451613
ライブラリ,強化,0.00012903225806451613
ライブラリ,人数,0.00012901561088891756
ライブラリ,ログ,0.00012896569512509673
ライブラリ,搭載,0.000128915817970865
ライブラリ,界隈,0.000128915817970865
ライブラリ,横顔,0.0001288992008249549
コンパイル,モデル,0.00012882975733158436
ライブラリ,医療,0.0001288161793121216
ライブラリ,有名,0.000128783000643915
ライブラリ,正直,0.00012874983906270118
ライブラリ,均等,0.00012865045670912132
ライブラリ,無料,0.00012858428700012858
ライブラリ,大体,0.00012858428700012858
備忘録,遷移,0.00012838618564642445
大学生,引用,0.00012819691045445804
ライブラリ,主要,0.0001281722635221738
ライブラリ,個人,0.00012812299807815503
引数,最初,0.0001280901754835404
ライブラリ,大学,0.0001279754287176862
バイナリ,検出,0.0001278935925310142
segmentation,シド,0.0001278281989006775
ライブラリ,自身,0.00012779552715654952
ライブラリ,大変,0.00012743723716069835
ライブラリ,期間,0.00012727504136438844
segmentation,処理,0.00012666779260260091
ライブラリ,既存,0.00012651821862348178
テスト,次元,0.0001265022137887413
テスト,物体,0.00012637432073802604
引数,操作,0.00012626262626262626
テスト,入力,0.00012613839905143925
引数,顔,0.00012611533247154522
備忘録,処理,0.00012595515996305316
ライブラリ,現在,0.00012577034335303736
バイナリ,レイヤ,0.000125203455615375
プログラム,構成,0.000125
バイナリ,動画,0.00012473493825620557
ライブラリ,正答,0.00012422360248447205
引数,表現,0.00012394645513138323
ssd,実現,0.00012313754463735992
ライブラリ,自然,0.00012297097884899163
分析,最適,0.0001227973230183582
ライブラリ,一部,0.00012229423994129877
テスト,変換,0.00012189176011701609
分析,複数,0.00012167670499482874
ライブラリ,判別,0.00012125621438098702
ssd,分類,0.00012079726192872962
segmentation,全,0.00012072920439454304
プログラミング,作成,0.00012027904738994468
segmentation,保存,0.00012002640580927805
バイナリ,信号,0.00011986096128490951
分析,必要,0.00011974972307876538
テスト,中間,0.00011974613818704346
ライブラリ,分け,0.00011956001912960307
ライブラリ,変形,0.00011946004061641381
model,調整,0.00011924636298592893
ライブラリ,移動,0.00011910433539780847
ライブラリ,転移,0.00011886366337810531
備忘録,全,0.00011880717595342758
ライブラリ,枠,0.00011869436201780416
segmentation,参考,0.00011852554225435582
テスト,抽出,0.00011851149561507466
分析,目次,0.00011842728564661298
ssd,特徴,0.00011824778285407148
segmentation,固定,0.0001179245283018868
テスト,機械,0.00011743981209630065
バイナリ,損失,0.00011738007668831677
テスト,型,0.00011619800139437602
ライブラリ,削除,0.00011611704598235021
備忘録,固定,0.00011609008590666357
バイナリ,抽出,0.00011582117211026175
segmentation,フォルダ,0.00011566042100393245
バイナリ,変数,0.00011531365313653136
ライブラリ,順,0.00011444266422522316
分析,転移,0.00011429877700308607
segmentation,行列,0.00011407711613050422
備忘録,本,0.00011376564277588168
初心者,水増し,0.00011376564277588168
プログラミング,水増し,0.00011368804001819008
バイナリ,学習,0.00011346081674332545
model,形状,0.00011275228323373548
ライブラリ,内容,0.0001124859392575928
気象庁,確認,0.00011237849075686913
備忘録,行列,0.00011235955056179776
テスト,設定,0.00011193194537721066
分析,理論,0.00011123470522803115
バイナリ,導入,0.00011101243339253997
プログラミング,設計,0.00011079104808331487
バイナリ,最大,0.00011066843736166445
分析,初期,0.00011048502927853276
ハンズオン,水増し,0.00011013215859030837
プログラム,成功,0.00011003521126760564
ライブラリ,依存,0.00010993843447669306
備忘録,認識,0.00010984182776801405
model,計算,0.00010982071767839003
バイナリ,設定,0.0001095290251916758
用語,設定,0.00010936132983377078
ライブラリ,直感,0.00010854227721697601
model,効果,0.000106928999144568
プログラム,取得,0.00010666666666666667
備忘録,紹介,0.00010527423939362039
テスト,構築,0.00010495382031905961
用語,認識,0.00010450412791305256
プログラム,行列,0.00010446046171524079
テスト,本,0.00010400416016640666
プログラム,全て,0.00010339123242349049
テスト,局所,0.00010337520028945056
クラスタリング,利用,0.00010335917312661498
分析,関連,0.00010330578512396694
テスト,制限,0.00010186411327289395
プログラム,簡単,0.00010185373803218578
ライブラリ,変更,0.00010127607859023699
segmentation,部分,0.00010121457489878542
ハンズオン,部分,0.00010118385105737125
model,存在,0.00010111223458038423
備忘録,部分,0.00010053282396702523
ライブラリ,提案,0.0001002104419280489
model,ファイル,9.957184108334163e-05
ライブラリ,画面,9.912767644726408e-05
ライブラリ,後者,9.895111814763506e-05
model,ん,9.83574309039048e-05
テスト,技術,9.824147755182238e-05
ライブラリ,段階,9.813542688910697e-05
ライブラリ,全体,9.775171065493646e-05
プログラム,最適,9.773260359655981e-05
バイナリ,値,9.77166867528745e-05
ライブラリ,推定,9.746588693957115e-05
バイナリ,全,9.743739647276625e-05
ライブラリ,解決,9.739943508327652e-05
ライブラリ,注意,9.738994935722633e-05
ライブラリ,倍,9.72762645914397e-05
テスト,記事,9.723842862699339e-05
テスト,取得,9.659969088098918e-05
ssd,利用,9.652043820278943e-05
プログラム,複数,9.632055480639569e-05
引数,順番,9.620935154897056e-05
ライブラリ,猫,9.604302727621975e-05
バイナリ,結果,9.519276534983341e-05
用語,結果,9.516106009420945e-05
ライブラリ,一番,9.450902561194594e-05
ライブラリ,速度,9.417082587814295e-05
備忘録,画像,9.394482876419848e-05
model,構築,9.368559115608019e-05
テスト,重み,9.36373425722178e-05
model,抽出,9.319664492078285e-05
テスト,利用,9.317927692881103e-05
プログラム,規模,9.31619154089808e-05
プログラム,量,9.308386856557759e-05
ハンズオン,領域,9.300595238095238e-05
model,テストデタ,9.270418095856123e-05
ライブラリ,以外,9.253261774775608e-05
segmentation,精度,9.25240562546262e-05
引数,記事,9.248127254231018e-05
バイナリ,済み,9.237875288683603e-05
ライブラリ,調整,9.227646027498385e-05
ライブラリ,写真,9.214891264283081e-05
備忘録,精度,9.195402298850575e-05
ハンズオン,深層,9.155832265152902e-05
プログラム,可視,9.134088417975886e-05
バイナリ,生成,9.1000091000091e-05
ライブラリ,文献,9.085953116481919e-05
segmentation,指定,9.052231375033946e-05
バイナリ,水増し,9.04649900488511e-05
model,導入,9.005763688760806e-05
備忘録,指定,8.943743851176102e-05
分析,引用,8.865248226950355e-05
コンパイル,チャンネル,8.845252310822166e-05
ライブラリ,判定,8.837044892188053e-05
ライブラリ,形状,8.833922261484099e-05
バイナリ,量,8.826514850611236e-05
プログラム,率,8.824956978334731e-05
用語,量,8.821064702509593e-05
ライブラリ,逆,8.784258608573436e-05
segmentation,チャンネル,8.768853034023149e-05
バイナリ,最適,8.768084173608067e-05
引数,説明,8.759635599159075e-05
segmentation,定義,8.748523686627881e-05
コンパイル,種類,8.735150244584206e-05
ssd,率,8.734768746997423e-05
備忘録,定義,8.697542944118286e-05
引数,行列,8.614748449345279e-05
バイナリ,実行,8.580744808649391e-05
ライブラリ,構造,8.552856654122477e-05
ハンズオン,画像,8.549712302181032e-05
気象庁,画像,8.514333881088813e-05
コンパイル,分類,8.475294516484448e-05
テスト,通り,8.470986869970351e-05
ライブラリ,レベル,8.465250148141877e-05
model,重み,8.456302059109552e-05
引数,水増し,8.392077878482712e-05
備忘録,理解,8.289124668435013e-05
ハンズオン,認識,8.266967951720907e-05
model,目的,8.259002312520647e-05
プログラム,損失,8.201427048306405e-05
引数,紹介,8.192020971573687e-05
segmentation,モデル,8.179003330022784e-05
ライブラリ,圧縮,8.087343307723413e-05
引数,複数,8.053475074494645e-05
バイナリ,定義,8.05120566804879e-05
分析,根拠,8.025038118931065e-05
ssd,v,7.994670219853431e-05
バイナリ,モデル,7.994061554273967e-05
コンパイル,作成,7.992327365728901e-05
ライブラリ,記載,7.855459544383346e-05
プログラム,入力,7.759155803848541e-05
バイナリ,深層,7.754342431761787e-05
model,全て,7.727378100610463e-05
ライブラリ,過,7.704160246533128e-05
初心者,必要,7.616726331022927e-05
ハンズオン,特徴,7.609191903819814e-05
ライブラリ,機械,7.54261577915221e-05
ライブラリ,説明,7.54233133461553e-05
segmentation,出力,7.515783144603668e-05
クラスタリング,検出,7.502438292445044e-05
segmentation,結果,7.49232037161909e-05
備忘録,出力,7.49063670411985e-05
備忘録,結果,7.4673304293715e-05
テスト,種類,7.446570854121677e-05
分析,生成,7.445739175756673e-05
コンパイル,サイズ,7.359976448075366e-05
ライブラリ,量,7.351319561861354e-05
備忘録,推論,7.339449541284403e-05
バイナリ,使用,7.32171621027969e-05
ハンズオン,検出,7.317965605561654e-05
プログラム,必要,7.31288164101064e-05
分析,構成,7.11439954467843e-05
ライブラリ,精度,7.106562910848168e-05
ライブラリ,順番,7.102777185879679e-05
備忘録,学習,7.09622480840193e-05
model,通り,7.093707881109456e-05
ライブラリ,遷移,7.051191651389085e-05
コンパイル,デタ,6.998145491444767e-05
分析,率,6.964030781016052e-05
segmentation,値,6.963303391128752e-05
ライブラリ,制限,6.868131868131868e-05
model,その他,6.797634423220719e-05
プログラム,値,6.773002810796167e-05
ライブラリ,成功,6.75310642895732e-05
クラスタリング,手法,6.66911200773617e-05
コンパイル,分割,6.629980773055758e-05
ハンズオン,分割,6.541933795629989e-05
ライブラリ,行列,6.53893938403191e-05
用語,顔,6.478572122704156e-05
備忘録,論文,6.339847526666984e-05
segmentation,研究,6.311935870731554e-05
備忘録,研究,6.258997308631157e-05
model,の,6.246319133367837e-05
ライブラリ,複数,6.210408644888833e-05
ハンズオン,採用,6.087538808059901e-05
ライブラリ,規模,6.077549532028686e-05
コンパイル,保存,6.0727515637335276e-05
model,顔,6.069250144144691e-05
プログラム,引用,6.058770069675856e-05
segmentation,可能,6.0580359847337494e-05
ssd,層,6.046366997201396e-05
プログラミング,参考,6.0251852744471894e-05
備忘録,可能,6.009254251547383e-05
コンパイル,構造,6.002040693835904e-05
ハンズオン,構造,5.929791271347249e-05
ハンズオン,マップ,5.91214551760834e-05
プログラミング,確認,5.872680291284943e-05
テスト,計算,5.859432221017783e-05
コンパイル,構築,5.856172405715624e-05
大学生,構築,5.821738371077604e-05
引数,数式,5.8186896310950775e-05
プログラム,採用,5.8045042953331786e-05
segmentation,構築,5.7893822729114805e-05
ハンズオン,構築,5.787371954395509e-05
備忘録,構築,5.74481530418797e-05
分析,論文,5.7288533699979946e-05
model,訓練,5.7263929450838916e-05
ハンズオン,局所,5.6915196357427435e-05
テスト,研究,5.6731151075055314e-05
プログラム,構造,5.660911406736485e-05
プログラミング,記事,5.4033608904738746e-05
プログラム,認識,5.3921436467067486e-05
テスト,構造,5.3642313056539e-05
ハンズオン,活性,5.332764505119454e-05
ハンズオン,学習,5.328123612467809e-05
segmentation,入力,5.282899255111205e-05
備忘録,入力,5.264266161297115e-05
バイナリ,認識,5.226845076311938e-05
バイナリ,確認,5.185108368764907e-05
用語,確認,5.1813471502590674e-05
プログラミング,利用,5.153842189352162e-05
ssd,入力,5.1415203475667754e-05
segmentation,画像,5.129915099905097e-05
初心者,説明,5.074339067336479e-05
コンパイル,生成,5.04999495000505e-05
ハンズオン,説明,5.000750112516878e-05
クラスタリング,量,4.914004914004914e-05
プログラム,重み,4.9060491586125696e-05
資格,量,4.898599000685804e-05
ssd,出力,4.883050930221202e-05
segmentation,関数,4.8720280628816423e-05
備忘録,関数,4.861448711716091e-05
備忘録,量,4.804458537522821e-05
model,参考,4.773041859577109e-05
ssd,生成,4.752851711026616e-05
初心者,実行,4.751722499406035e-05
プログラミング,実行,4.750368153531899e-05
segmentation,さ,4.728803139925285e-05
学生,精度,4.7038901171268636e-05
ssd,論文,4.687426758956891e-05
ハンズオン,モデル,4.673224758744772e-05
コンパイル,精度,4.668534080298786e-05
備忘録,実行,4.659180915994968e-05
ハンズオン,精度,4.624705175045091e-05
テスト,説明,4.592422502870264e-05
segmentation,率,4.575193301917006e-05
備忘録,率,4.547314810604338e-05
ライブラリ,研究,4.470272686633885e-05
初心者,学習,4.451527319023157e-05
分析,研究,4.404122258433894e-05
コンパイル,層,4.365439687085283e-05
ライブラリ,採用,4.3576782290395675e-05
バイナリ,可視,4.3346337234503684e-05
大学生,損失,4.2582183614375745e-05
プログラミング,分類,4.2520622501913426e-05
引数,量,4.2513391718391296e-05
ハンズオン,フィルタ,4.180689395681348e-05
ライブラリ,本,4.171185450905147e-05
分析,本,4.113533525298231e-05
ssd,フィルタ,4.092155338216639e-05
プログラム,処理,4.08279916710897e-05
segmentation,使用,3.9467971740932234e-05
segmentation,必要,3.767471649775835e-05
備忘録,必要,3.7485474378678264e-05
バイナリ,作成,3.6762002793912215e-05
segmentation,サイズ,3.653368405670028e-05
プログラミング,学習,3.560999928780001e-05
コンパイル,学習,3.558433933225987e-05
pandas,値,3.5254715318173806e-05
ハンズオン,手法,3.297500494625074e-05
ハンズオン,受容,3.291639236339697e-05
ハンズオン,野,3.2863386900653985e-05
テスト,顔,3.261365860022177e-05
プログラム,特徴,3.232793456826043e-05
プログラム,手法,3.2126449706042984e-05
初心者,計算,3.1185679535957086e-05
引数,手法,3.0154996682950364e-05
model,手法,2.907314804046982e-05
ライブラリ,手法,2.7139251499443645e-05
segmentation,学習,2.6641327803777742e-05
ssd,学習,2.639729691679572e-05
プログラム,層,2.5964584307005243e-05
クラスタリング,ネットワク,2.596256198561674e-05
プログラミング,画像,2.571002519582469e-05
コンパイル,画像,2.569219043051547e-05
コンパイル,出力,2.5175599808665442e-05
大学生,結果,2.5033168948857236e-05
プログラム,出力,2.4554941682013504e-05
ssd,モデル,2.3086424028350127e-05
コンパイル,パラメタ,1.988111095648025e-05
コンパイル,マップ,1.9785524909975862e-05
ssd,t,1.784402537420408e-05
クラスタリング,学習,1.7812928623595004e-05
初心者,画像,1.7140751279128564e-05
ssd,デタ,1.71235808832343e-05
大学生,関数,1.6264923066913892e-05
ハンズオン,関数,1.623798389191998e-05
segmentation,論文,1.5882595851465964e-05
ライブラリ,論文,1.4390766883967246e-05
segmentation,v,1.3510957386440404e-05
model,v,1.2805736970162632e-05
プログラミング,モデル,1.1721543023923668e-05
クラスタリング,特徴,1.0909408273695235e-05
コンパイル,特徴,1.0893602187435319e-05
大学生,学習,8.88786184707545e-06
プログラミング,層,8.736752898417774e-06
segmentation,層,8.715584336351831e-06
備忘録,層,8.705417381236344e-06
クラスタリング,画像,8.57368222504201e-06
model,p,8.189806966249806e-06
segmentation,t,2.9831956588536773e-06
model,t,2.947357252119887e-06
